path,text,label_encoded
YAF_angry/YAF_time_angry.wav,say the word time,0
OAF_Sad/OAF_jug_sad.wav,say the word jug,6
YAF_neutral/YAF_wash_neutral.wav,say the word wash,4
OAF_neutral/OAF_pole_neutral.wav,say the word pole,4
OAF_angry/OAF_pike_angry.wav,say the word pike,0
YAF_fear/YAF_pass_fear.wav,say the word pass,2
OAF_neutral/OAF_note_neutral.wav,say the word note,4
OAF_Fear/OAF_king_fear.wav,say the word king,2
OAF_Fear/OAF_make_fear.wav,say the word make,2
YAF_disgust/YAF_dab_disgust.wav,say the word dab,1
YAF_pleasant_surprised/YAF_nag_ps.wav,say the word nag,5
YAF_angry/YAF_chat_angry.wav,say the word chat,0
OAF_happy/OAF_yearn_happy.wav,say the word yearn,3
YAF_disgust/YAF_luck_disgust.wav,say the word luck,1
YAF_neutral/YAF_bean_neutral.wav,say the word bean,4
YAF_sad/YAF_laud_sad.wav,say the word laud,6
OAF_Pleasant_surprise/OAF_name_ps.wav,say the word name,5
YAF_disgust/YAF_lease_disgust.wav,say the word lease,1
OAF_neutral/OAF_mop_neutral.wav,say the word mop,4
OAF_happy/OAF_lose_happy.wav,say the word lose,3
YAF_angry/YAF_neat_angry.wav,say the word neat,0
YAF_fear/YAF_page_fear.wav,say the word page,2
OAF_disgust/OAF_read_disgust.wav,say the word read,1
OAF_disgust/OAF_sure_disgust.wav,say the word sure,1
YAF_sad/YAF_shout_sad.wav,say the word shout,6
YAF_neutral/YAF_tire_neutral.wav,say the word tire,4
OAF_happy/OAF_lean_happy.wav,say the word lean,3
YAF_neutral/YAF_merge_neutral.wav,say the word merge,4
YAF_pleasant_surprised/YAF_germ_ps.wav,say the word germ,5
YAF_pleasant_surprised/YAF_whip_ps.wav,say the word whip,5
OAF_Sad/OAF_dodge_sad.wav,say the word dodge,6
OAF_angry/OAF_dead_angry.wav,say the word dead,0
YAF_sad/YAF_which_sad.wav,say the word which,6
YAF_angry/YAF_mood_angry.wav,say the word mood,0
YAF_happy/YAF_five_happy.wav,say the word five,3
OAF_Sad/OAF_vine_sad.wav,say the word vine,6
YAF_sad/YAF_kill_sad.wav,say the word kill,6
YAF_fear/YAF_have_fear.wav,say the word have,2
YAF_disgust/YAF_turn_disgust.wav,say the word turn,1
OAF_Fear/OAF_bar_fear.wav,say the word bar,2
OAF_angry/OAF_dip_angry.wav,say the word dip,0
OAF_disgust/OAF_gun_disgust.wav,say the word gun,1
OAF_Fear/OAF_raise_fear.wav,say the word raise,2
OAF_angry/OAF_tip_angry.wav,say the word tip,0
OAF_angry/OAF_room_angry.wav,say the word room,0
YAF_pleasant_surprised/YAF_gap_ps.wav,say the word gap,5
YAF_happy/YAF_pike_happy.wav,say the word pike,3
YAF_angry/YAF_gaze_angry.wav,say the word gaze,0
YAF_fear/YAF_walk_fear.wav,say the word walk,2
YAF_disgust/YAF_read_disgust.wav,say the word read,1
YAF_disgust/YAF_name_disgust.wav,say the word name,1
YAF_sad/YAF_lid_sad.wav,say the word lid,6
YAF_angry/YAF_base_angry.wav,say the word base,0
OAF_Pleasant_surprise/OAF_bean_ps.wav,say the word bean,5
YAF_fear/YAF_goal_fear.wav,say the word goal,2
YAF_disgust/YAF_jug_disgust.wav,say the word jug,1
OAF_disgust/OAF_mode_disgust.wav,say the word mode,1
YAF_happy/YAF_loaf_happy.wav,say the word loaf,3
OAF_neutral/OAF_kick_neutral.wav,say the word kick,4
OAF_neutral/OAF_mode_neutral.wav,say the word mode,4
YAF_fear/YAF_sure_fear.wav,say the word sure,2
YAF_fear/YAF_bought_fear.wav,say the word bought,2
OAF_Fear/OAF_loaf_fear.wav,say the word loaf,2
OAF_disgust/OAF_mop_disgust.wav,say the word mop,1
OAF_Pleasant_surprise/OAF_shout_ps.wav,say the word shout,5
OAF_Sad/OAF_rain_sad.wav,say the word rain,6
YAF_happy/YAF_thin_happy.wav,say the word thin,3
YAF_fear/YAF_tip_fear.wav,say the word tip,2
YAF_happy/YAF_chat_happy.wav,say the word chat,3
OAF_Fear/OAF_chair_fear.wav,say the word chair,2
OAF_angry/OAF_nag_angry.wav,say the word nag,0
OAF_Pleasant_surprise/OAF_red_ps.wav,say the word red,5
OAF_angry/OAF_hole_angry.wav,say the word hole,0
YAF_sad/YAF_vine_sad.wav,say the word vine,6
YAF_fear/YAF_date_fear.wav,say the word date,2
YAF_disgust/YAF_shirt_disgust.wav,say the word shirt,1
YAF_sad/YAF_whip_sad.wav,say the word whip,6
YAF_disgust/YAF_lose_disgust.wav,say the word lose,1
YAF_neutral/YAF_hate_neutral.wav,say the word hate,4
YAF_angry/YAF_tape_angry.wav,say the word tape,0
YAF_disgust/YAF_wire_disgust.wav,say the word wire,1
YAF_pleasant_surprised/YAF_hire_ps.wav,say the word hire,5
YAF_angry/YAF_raid_angry.wav,say the word raid,0
OAF_happy/OAF_rough_happy.wav,say the word rough,3
OAF_happy/OAF_death_happy.wav,say the word death,3
YAF_disgust/YAF_vine_disgust.wav,say the word vine,1
YAF_sad/YAF_long_sad.wav,say the word long,6
YAF_sad/YAF_burn_sad.wav,say the word burn,6
YAF_neutral/YAF_bite_neutral.wav,say the word bite,4
OAF_disgust/OAF_book_disgust.wav,say the word book,1
OAF_Sad/OAF_dog_sad.wav,say the word dog,6
YAF_happy/YAF_fail_happy.wav,say the word fail,3
OAF_Fear/OAF_puff_fear.wav,say the word puff,2
OAF_Fear/OAF_take_fear.wav,say the word take,2
OAF_neutral/OAF_bone_neutral.wav,say the word bone,4
OAF_disgust/OAF_bought_disgust.wav,say the word bought,1
OAF_neutral/OAF_dodge_neutral.wav,say the word dodge,4
OAF_neutral/OAF_keen_neutral.wav,say the word keen,4
OAF_neutral/OAF_keep_neutral.wav,say the word keep,4
YAF_fear/YAF_knock_fear.wav,say the word knock,2
YAF_angry/YAF_when_angry.wav,say the word when,0
OAF_Pleasant_surprise/OAF_check_ps.wav,say the word check,5
OAF_Pleasant_surprise/OAF_hush_ps.wav,say the word hush,5
OAF_neutral/OAF_met_neutral.wav,say the word met,4
OAF_neutral/OAF_tell_neutral.wav,say the word tell,4
OAF_neutral/OAF_voice_neutral.wav,say the word voice,4
OAF_angry/OAF_chain_angry.wav,say the word chain,0
YAF_disgust/YAF_rat_disgust.wav,say the word rat,1
OAF_Sad/OAF_choice_sad.wav,say the word choice,6
OAF_Pleasant_surprise/OAF_pass_ps.wav,say the word pass,5
YAF_sad/YAF_lease_sad.wav,say the word lease,6
YAF_happy/YAF_ring_happy.wav,say the word ring,3
OAF_angry/OAF_page_angry.wav,say the word page,0
OAF_happy/OAF_shout_happy.wav,say the word shout,3
YAF_neutral/YAF_numb_neutral.wav,say the word numb,4
OAF_neutral/OAF_reach_neutral.wav,say the word reach,4
OAF_Pleasant_surprise/OAF_take_ps.wav,say the word take,5
YAF_angry/YAF_should_angry.wav,say the word should,0
OAF_Fear/OAF_soup_fear.wav,say the word soup,2
OAF_angry/OAF_chair_angry.wav,say the word chair,0
YAF_pleasant_surprised/YAF_thought_ps.wav,say the word thought,5
YAF_disgust/YAF_mess_disgust.wav,say the word mess,1
YAF_neutral/YAF_jail_neutral.wav,say the word jail,4
YAF_disgust/YAF_size_disgust.wav,say the word size,1
OAF_angry/OAF_vine_angry.wav,say the word vine,0
OAF_Pleasant_surprise/OAF_bone_ps.wav,say the word bone,5
YAF_fear/YAF_lease_fear.wav,say the word lease,2
OAF_happy/OAF_bath_happy.wav,say the word bath,3
YAF_happy/YAF_sell_happy.wav,say the word sell,3
YAF_pleasant_surprised/YAF_raise_ps.wav,say the word raise,5
OAF_neutral/OAF_cause_neutral.wav,say the word cause,4
YAF_angry/YAF_chain_angry.wav,say the word chain,0
YAF_neutral/YAF_met_neutral.wav,say the word met,4
YAF_disgust/YAF_goose_disgust.wav,say the word goose,1
YAF_fear/YAF_numb_fear.wav,say the word numb,2
OAF_Fear/OAF_sell_fear.wav,say the word sell,2
OAF_Sad/OAF_knock_sad.wav,say the word knock,6
OAF_neutral/OAF_fall_neutral.wav,say the word fall,4
YAF_angry/YAF_mob_angry.wav,say the word mob,0
YAF_disgust/YAF_date_disgust.wav,say the word date,1
OAF_angry/OAF_such_angry.wav,say the word such,0
YAF_angry/YAF_fail_angry.wav,say the word fail,0
YAF_sad/YAF_met_sad.wav,say the word met,6
YAF_fear/YAF_germ_fear.wav,say the word germ,2
OAF_happy/OAF_young_happy.wav,say the word young,3
YAF_happy/YAF_limb_happy.wav,say the word limb,3
YAF_sad/YAF_soup_sad.wav,say the word soup,6
OAF_disgust/OAF_thought_disgust.wav,say the word thought,1
YAF_angry/YAF_choice_angry.wav,say the word choice,0
YAF_disgust/YAF_pick_disgust.wav,say the word pick,1
YAF_fear/YAF_mill_fear.wav,say the word mill,2
YAF_pleasant_surprised/YAF_check_ps.wav,say the word check,5
YAF_sad/YAF_hurl_sad.wav,say the word hurl,6
OAF_Sad/OAF_tire_sad.wav,say the word tire,6
YAF_sad/YAF_dime_sad.wav,say the word dime,6
OAF_neutral/OAF_neat_neutral.wav,say the word neat,4
OAF_angry/OAF_pass_angry.wav,say the word pass,0
YAF_fear/YAF_deep_fear.wav,say the word deep,2
OAF_Fear/OAF_germ_fear.wav,say the word germ,2
OAF_neutral/OAF_gas_neutral.wav,say the word gas,4
OAF_angry/OAF_raid_angry.wav,say the word raid,0
YAF_sad/YAF_pearl_sad.wav,say the word pearl,6
OAF_Fear/OAF_whip_fear.wav,say the word whip,2
OAF_Pleasant_surprise/OAF_lose_ps.wav,say the word lose,5
OAF_Fear/OAF_keg_fear.wav,say the word keg,2
OAF_happy/OAF_turn_happy.wav,say the word turn,3
YAF_happy/YAF_cheek_happy.wav,say the word cheek,3
OAF_neutral/OAF_youth_neutral.wav,say the word youth,4
YAF_neutral/YAF_get_neutral.wav,say the word get,4
YAF_disgust/YAF_home_disgust.wav,say the word home,1
OAF_Pleasant_surprise/OAF_goal_ps.wav,say the word goal,5
YAF_happy/YAF_hire_happy.wav,say the word hire,3
YAF_pleasant_surprised/YAF_lose_ps.wav,say the word lose,5
OAF_angry/OAF_book_angry.wav,say the word book,0
OAF_angry/OAF_yearn_angry.wav,say the word yearn,0
YAF_angry/YAF_pole_angry.wav,say the word pole,0
OAF_happy/OAF_kick_happy.wav,say the word kick,3
OAF_Fear/OAF_have_fear.wav,say the word have,2
YAF_disgust/YAF_kill_disgust.wav,say the word kill,1
OAF_happy/OAF_thin_happy.wav,say the word thin,3
OAF_happy/OAF_hurl_happy.wav,say the word hurl,3
YAF_angry/YAF_hall_angry.wav,say the word hall,0
OAF_angry/OAF_date_angry.wav,say the word date,0
OAF_disgust/OAF_neat_disgust.wav,say the word neat,1
OAF_happy/OAF_perch_happy.wav,say the word perch,3
YAF_angry/YAF_pool_angry.wav,say the word pool,0
OAF_disgust/OAF_nag_disgust.wav,say the word nag,1
OAF_angry/OAF_goose_angry.wav,say the word goose,0
OAF_neutral/OAF_hire_neutral.wav,say the word hire,4
YAF_happy/YAF_bought_happy.wav,say the word bought,3
YAF_pleasant_surprised/YAF_dog_ps.wav,say the word dog,5
OAF_happy/OAF_should_happy.wav,say the word should,3
OAF_angry/OAF_youth_angry.wav,say the word youth,0
YAF_neutral/YAF_check_neutral.wav,say the word check,4
YAF_pleasant_surprised/YAF_pole_ps.wav,say the word pole,5
YAF_pleasant_surprised/YAF_road_ps.wav,say the word road,5
YAF_happy/YAF_road_happy.wav,say the word road,3
YAF_sad/YAF_sub_sad.wav,say the word sub,6
YAF_sad/YAF_moon_sad.wav,say the word moon,6
OAF_happy/OAF_deep_happy.wav,say the word deep,3
OAF_neutral/OAF_dip_neutral.wav,say the word dip,4
YAF_fear/YAF_lid_fear.wav,say the word lid,2
OAF_Pleasant_surprise/OAF_gun_ps.wav,say the word gun,5
OAF_Pleasant_surprise/OAF_yes_ps.wav,say the word yes,5
YAF_disgust/YAF_cause_disgust.wav,say the word cause,1
OAF_angry/OAF_said_angry.wav,say the word said,0
OAF_neutral/OAF_hurl_neutral.wav,say the word hurl,4
OAF_disgust/OAF_sell_disgust.wav,say the word sell,1
YAF_happy/YAF_life_happy.wav,say the word life,3
YAF_neutral/YAF_perch_neutral.wav,say the word perch,4
OAF_Fear/OAF_hit_fear.wav,say the word hit,2
YAF_pleasant_surprised/YAF_young_ps.wav,say the word young,5
OAF_neutral/OAF_food_neutral.wav,say the word food,4
OAF_happy/OAF_far_happy.wav,say the word far,3
YAF_neutral/YAF_live_neutral.wav,say the word live,4
OAF_neutral/OAF_limb_neutral.wav,say the word limb,4
YAF_pleasant_surprised/YAF_hall_ps.wav,say the word hall,5
YAF_fear/YAF_wheat_fear.wav,say the word wheat,2
OAF_angry/OAF_long_angry.wav,say the word long,0
OAF_neutral/OAF_chat_neutral.wav,say the word chat,4
OAF_Fear/OAF_date_fear.wav,say the word date,2
YAF_fear/YAF_mop_fear.wav,say the word mop,2
YAF_disgust/YAF_lean_disgust.wav,say the word lean,1
OAF_Fear/OAF_void_fear.wav,say the word void,2
YAF_angry/YAF_gap_angry.wav,say the word gap,0
OAF_Fear/OAF_hole_fear.wav,say the word hole,2
OAF_Fear/OAF_get_fear.wav,say the word get,2
OAF_Fear/OAF_mill_fear.wav,say the word mill,2
YAF_angry/YAF_white_angry.wav,say the word white,0
YAF_fear/YAF_tell_fear.wav,say the word tell,2
YAF_sad/YAF_bath_sad.wav,say the word bath,6
YAF_neutral/YAF_when_neutral.wav,say the word when,4
OAF_angry/OAF_shirt_angry.wav,say the word shirt,0
YAF_angry/YAF_knock_angry.wav,say the word knock,0
YAF_fear/YAF_talk_fear.wav,say the word talk,2
OAF_happy/OAF_tool_happy.wav,say the word tool,3
OAF_angry/OAF_hate_angry.wav,say the word hate,0
OAF_angry/OAF_lid_angry.wav,say the word lid,0
OAF_happy/OAF_tire_happy.wav,say the word tire,3
OAF_angry/OAF_tell_angry.wav,say the word tell,0
OAF_Fear/OAF_late_fear.wav,say the word late,2
OAF_angry/OAF_pool_angry.wav,say the word pool,0
YAF_pleasant_surprised/YAF_cool_ps.wav,say the word cool,5
OAF_Fear/OAF_rose_fear.wav,say the word rose,2
YAF_angry/YAF_lot_angry.wav,say the word lot,0
YAF_sad/YAF_thought_sad.wav,say the word thought,6
OAF_Sad/OAF_rough_sad.wav,say the word rough,6
YAF_neutral/YAF_death_neutral.wav,say the word death,4
OAF_disgust/OAF_base_disgust.wav,say the word base,1
YAF_pleasant_surprised/YAF_limb_ps.wav,say the word limb,5
YAF_fear/YAF_rat_fear.wav,say the word rat,2
OAF_happy/OAF_rose_happy.wav,say the word rose,3
YAF_neutral/YAF_thin_neutral.wav,say the word thin,4
OAF_neutral/OAF_thought_neutral.wav,say the word thought,4
OAF_neutral/OAF_love_neutral.wav,say the word love,4
YAF_happy/YAF_shawl_happy.wav,say the word shawl,3
OAF_happy/OAF_note_happy.wav,say the word note,3
YAF_pleasant_surprised/YAF_phone_ps.wav,say the word phone,5
OAF_Sad/OAF_wag_sad.wav,say the word wag,6
OAF_Pleasant_surprise/OAF_raid_ps.wav,say the word raid,5
OAF_Sad/OAF_mop_sad.wav,say the word mop,6
OAF_Fear/OAF_door_fear.wav,say the word door,2
YAF_fear/YAF_boat_fear.wav,say the word boat,2
YAF_happy/YAF_puff_happy.wav,say the word puff,3
OAF_disgust/OAF_puff_disgust.wav,say the word puff,1
YAF_neutral/YAF_ditch_neutral.wav,say the word ditch,4
YAF_happy/YAF_fall_happy.wav,say the word fall,3
YAF_neutral/YAF_juice_neutral.wav,say the word juice,4
YAF_fear/YAF_haze_fear.wav,say the word haze,2
YAF_angry/YAF_limb_angry.wav,say the word limb,0
OAF_Pleasant_surprise/OAF_bath_ps.wav,say the word bath,5
YAF_sad/YAF_should_sad.wav,say the word should,6
YAF_pleasant_surprised/YAF_bone_ps.wav,say the word bone,5
YAF_happy/YAF_calm_happy.wav,say the word calm,3
OAF_angry/OAF_live_angry.wav,say the word live,0
OAF_neutral/OAF_tire_neutral.wav,say the word tire,4
YAF_happy/YAF_goose_happy.wav,say the word goose,3
OAF_angry/OAF_sure_angry.wav,say the word sure,0
YAF_fear/YAF_dog_fear.wav,say the word dog,2
YAF_sad/YAF_date_sad.wav,say the word date,6
YAF_happy/YAF_chair_happy.wav,say the word chair,3
YAF_neutral/YAF_whip_neutral.wav,say the word whip,4
YAF_happy/YAF_yearn_happy.wav,say the word yearn,3
OAF_Pleasant_surprise/OAF_bar_ps.wav,say the word bar,5
OAF_angry/OAF_pick_angry.wav,say the word pick,0
OAF_angry/OAF_kite_angry.wav,say the word kite,0
YAF_happy/YAF_rot_happy.wav,say the word rot,3
YAF_happy/YAF_peg_happy.wav,say the word peg,3
YAF_fear/YAF_beg_fear.wav,say the word beg,2
OAF_Pleasant_surprise/OAF_phone_ps.wav,say the word phone,5
OAF_disgust/OAF_mill_disgust.wav,say the word mill,1
YAF_happy/YAF_lean_happy.wav,say the word lean,3
YAF_neutral/YAF_far_neutral.wav,say the word far,4
YAF_pleasant_surprised/YAF_death_ps.wav,say the word death,5
YAF_happy/YAF_learn_happy.wav,say the word learn,3
OAF_disgust/OAF_soup_disgust.wav,say the word soup,1
OAF_happy/OAF_pole_happy.wav,say the word pole,3
OAF_Sad/OAF_such_sad.wav,say the word such,6
OAF_neutral/OAF_near_neutral.wav,say the word near,4
YAF_happy/YAF_bar_happy.wav,say the word bar,3
YAF_fear/YAF_live_fear.wav,say the word live,2
YAF_happy/YAF_mood_happy.wav,say the word mood,3
YAF_happy/YAF_mob_happy.wav,say the word mob,3
YAF_sad/YAF_chat_sad.wav,say the word chat,6
OAF_disgust/OAF_mood_disgust.wav,say the word mood,1
OAF_Pleasant_surprise/OAF_white_ps.wav,say the word white,5
OAF_Pleasant_surprise/OAF_gin_ps.wav,say the word gin,5
YAF_fear/YAF_bath_fear.wav,say the word bath,2
OAF_Sad/OAF_fall_sad.wav,say the word fall,6
OAF_Pleasant_surprise/OAF_match_ps.wav,say the word match,5
YAF_sad/YAF_jug_sad.wav,say the word jug,6
YAF_happy/YAF_kick_happy.wav,say the word kick,3
OAF_Sad/OAF_which_sad.wav,say the word which,6
OAF_neutral/OAF_lot_neutral.wav,say the word lot,4
OAF_disgust/OAF_get_disgust.wav,say the word get,1
OAF_happy/OAF_kill_happy.wav,say the word kill,3
YAF_disgust/YAF_fit_disgust.wav,say the word fit,1
YAF_fear/YAF_phone_fear.wav,say the word phone,2
OAF_Sad/OAF_cool_sad.wav,say the word cool,6
OAF_angry/OAF_base_angry.wav,say the word base,0
OAF_Pleasant_surprise/OAF_talk_ps.wav,say the word talk,5
OAF_angry/OAF_rat_angry.wav,say the word rat,0
YAF_angry/YAF_pick_angry.wav,say the word pick,0
OAF_Pleasant_surprise/OAF_nag_ps.wav,say the word nag,5
YAF_happy/YAF_kite_happy.wav,say the word kite,3
YAF_angry/YAF_hash_angry.wav,say the word hash,0
OAF_neutral/OAF_gin_neutral.wav,say the word gin,4
YAF_neutral/YAF_ripe_neutral.wav,say the word ripe,4
YAF_sad/YAF_thin_sad.wav,say the word thin,6
OAF_angry/OAF_team_angry.wav,say the word team,0
OAF_angry/OAF_bean_angry.wav,say the word bean,0
OAF_disgust/OAF_wag_disgust.wav,say the word wag,1
YAF_fear/YAF_tire_fear.wav,say the word tire,2
OAF_happy/OAF_food_happy.wav,say the word food,3
OAF_neutral/OAF_mess_neutral.wav,say the word mess,4
OAF_disgust/OAF_dip_disgust.wav,say the word dip,1
OAF_neutral/OAF_half_neutral.wav,say the word half,4
OAF_Sad/OAF_jar_sad.wav,say the word jar,6
OAF_Fear/OAF_chief_fear.wav,say the word chief,2
OAF_Pleasant_surprise/OAF_home_ps.wav,say the word home,5
YAF_disgust/YAF_hush_disgust.wav,say the word hush,1
OAF_angry/OAF_jar_angry.wav,say the word jar,0
YAF_sad/YAF_beg_sad.wav,say the word beg,6
YAF_sad/YAF_room_sad.wav,say the word room,6
OAF_angry/OAF_knock_angry.wav,say the word knock,0
YAF_angry/YAF_soap_angry.wav,say the word soap,0
YAF_fear/YAF_keep_fear.wav,say the word keep,2
OAF_Sad/OAF_shawl_sad.wav,say the word shawl,6
OAF_Pleasant_surprise/OAF_choice_ps.wav,say the word choice,5
YAF_angry/YAF_such_angry.wav,say the word such,0
YAF_angry/YAF_lid_angry.wav,say the word lid,0
YAF_happy/YAF_dip_happy.wav,say the word dip,3
YAF_neutral/YAF_good_neutral.wav,say the word good,4
YAF_neutral/YAF_rag_neutral.wav,say the word rag,4
OAF_Fear/OAF_pass_fear.wav,say the word pass,2
OAF_angry/OAF_late_angry.wav,say the word late,0
OAF_Fear/OAF_juice_fear.wav,say the word juice,2
YAF_happy/YAF_bean_happy.wav,say the word bean,3
OAF_neutral/OAF_gap_neutral.wav,say the word gap,4
OAF_Pleasant_surprise/OAF_chair_ps.wav,say the word chair,5
YAF_angry/YAF_rot_angry.wav,say the word rot,0
OAF_neutral/OAF_join_neutral.wav,say the word join,4
OAF_disgust/OAF_rot_disgust.wav,say the word rot,1
OAF_Fear/OAF_should_fear.wav,say the word should,2
OAF_Sad/OAF_mill_sad.wav,say the word mill,6
OAF_happy/OAF_tip_happy.wav,say the word tip,3
YAF_sad/YAF_lean_sad.wav,say the word lean,6
YAF_pleasant_surprised/YAF_mill_ps.wav,say the word mill,5
YAF_neutral/YAF_five_neutral.wav,say the word five,4
OAF_Sad/OAF_book_sad.wav,say the word book,6
YAF_neutral/YAF_fail_neutral.wav,say the word fail,4
YAF_sad/YAF_time_sad.wav,say the word time,6
OAF_disgust/OAF_came_disgust.wav,say the word came,1
YAF_angry/YAF_tip_angry.wav,say the word tip,0
YAF_sad/YAF_tire_sad.wav,say the word tire,6
YAF_neutral/YAF_join_neutral.wav,say the word join,4
OAF_Pleasant_surprise/OAF_mill_ps.wav,say the word mill,5
OAF_disgust/OAF_chalk_disgust.wav,say the word chalk,1
YAF_happy/YAF_make_happy.wav,say the word make,3
OAF_Fear/OAF_shawl_fear.wav,say the word shawl,2
YAF_disgust/YAF_half_disgust.wav,say the word half,1
OAF_Sad/OAF_third_sad.wav,say the word third,6
OAF_neutral/OAF_south_neutral.wav,say the word south,4
YAF_neutral/YAF_moon_neutral.wav,say the word moon,4
YAF_disgust/YAF_goal_disgust.wav,say the word goal,1
OAF_Fear/OAF_nice_fear.wav,say the word nice,2
OAF_disgust/OAF_dime_disgust.wav,say the word dime,1
OAF_disgust/OAF_thin_disgust.wav,say the word thin,1
YAF_angry/YAF_vote_angry.wav,say the word vote,0
YAF_happy/YAF_white_happy.wav,say the word white,3
YAF_pleasant_surprised/YAF_rag_ps.wav,say the word rag,5
YAF_sad/YAF_hash_sad.wav,say the word hash,6
YAF_angry/YAF_merge_angry.wav,say the word merge,0
YAF_angry/YAF_dab_angry.wav,say the word dab,0
YAF_neutral/YAF_gap_neutral.wav,say the word gap,4
YAF_pleasant_surprised/YAF_wag_ps.wav,say the word wag,5
OAF_Sad/OAF_sure_sad.wav,say the word sure,6
YAF_fear/YAF_raise_fear.wav,say the word raise,2
YAF_neutral/YAF_gun_neutral.wav,say the word gun,4
YAF_pleasant_surprised/YAF_base_ps.wav,say the word base,5
YAF_angry/YAF_moon_angry.wav,say the word moon,0
YAF_disgust/YAF_death_disgust.wav,say the word death,1
OAF_Sad/OAF_gun_sad.wav,say the word gun,6
YAF_angry/YAF_search_angry.wav,say the word search,0
YAF_pleasant_surprised/YAF_turn_ps.wav,say the word turn,5
YAF_fear/YAF_cab_fear.wav,say the word cab,2
YAF_neutral/YAF_youth_neutral.wav,say the word youth,4
YAF_disgust/YAF_bean_disgust.wav,say the word bean,1
OAF_Fear/OAF_far_fear.wav,say the word far,2
YAF_happy/YAF_young_happy.wav,say the word young,3
YAF_neutral/YAF_bone_neutral.wav,say the word bone,4
OAF_angry/OAF_tape_angry.wav,say the word tape,0
YAF_happy/YAF_juice_happy.wav,say the word juice,3
OAF_Pleasant_surprise/OAF_mess_ps.wav,say the word mess,5
OAF_disgust/OAF_gap_disgust.wav,say the word gap,1
YAF_fear/YAF_name_fear.wav,say the word name,2
OAF_Sad/OAF_yes_sad.wav,say the word yes,6
OAF_disgust/OAF_white_disgust.wav,say the word white,1
YAF_sad/YAF_take_sad.wav,say the word take,6
OAF_disgust/OAF_dodge_disgust.wav,say the word dodge,1
YAF_disgust/YAF_jail_disgust.wav,say the word jail,1
OAF_neutral/OA_bite_neutral.wav,say the word bite,4
OAF_neutral/OAF_when_neutral.wav,say the word when,4
YAF_disgust/YAF_take_disgust.wav,say the word take,1
OAF_Fear/OAF_dip_fear.wav,say the word dip,2
YAF_disgust/YAF_talk_disgust.wav,say the word talk,1
OAF_Sad/OAF_germ_sad.wav,say the word germ,6
OAF_happy/OAF_king_happy.wav,say the word king,3
OAF_happy/OAF_which_happy.wav,say the word which,3
OAF_Fear/OAF_gas_fear.wav,say the word gas,2
YAF_pleasant_surprised/YAF_walk_ps.wav,say the word walk,5
YAF_sad/YAF_home_sad.wav,say the word home,6
OAF_happy/OAF_judge_happy.wav,say the word judge,3
OAF_neutral/OAF_third_neutral.wav,say the word third,4
YAF_happy/YAF_week_happy.wav,say the word week,3
OAF_Sad/OAF_tell_sad.wav,say the word tell,6
OAF_angry/OAF_search_angry.wav,say the word search,0
OAF_Sad/OAF_dead_sad.wav,say the word dead,6
YAF_angry/YAF_hit_angry.wav,say the word hit,0
OAF_disgust/OAF_wire_disgust.wav,say the word wire,1
YAF_neutral/YAF_near_neutral.wav,say the word near,4
YAF_neutral/YAF_fall_neutral.wav,say the word fall,4
OAF_Fear/OAF_wag_fear.wav,say the word wag,2
YAF_fear/YAF_red_fear.wav,say the word red,2
YAF_fear/YAF_luck_fear.wav,say the word luck,2
OAF_disgust/OAF_lore_disgust.wav,say the word lore,1
OAF_happy/OAF_gaze_happy.wav,say the word gaze,3
YAF_pleasant_surprised/YAF_deep_ps.wav,say the word deep,5
YAF_angry/YAF_room_angry.wav,say the word room,0
OAF_neutral/OAF_raid_neutral.wav,say the word raid,4
OAF_neutral/OAF_sail_neutral.wav,say the word sail,4
OAF_happy/OAF_room_happy.wav,say the word room,3
OAF_Fear/OAF_walk_fear.wav,say the word walk,2
YAF_fear/YAF_young_fear.wav,say the word young,2
YAF_neutral/YAF_note_neutral.wav,say the word note,4
YAF_neutral/YAF_take_neutral.wav,say the word take,4
YAF_fear/YAF_back_fear.wav,say the word back,2
OAF_Sad/OAF_goal_sad.wav,say the word goal,6
YAF_pleasant_surprised/YAF_goose_ps.wav,say the word goose,5
YAF_happy/YAF_dog_happy.wav,say the word dog,3
OAF_disgust/OAF_dab_disgust.wav,say the word dab,1
OAF_Pleasant_surprise/OAF_sub_ps.wav,say the word sub,5
OAF_Sad/OAF_when_sad.wav,say the word when,6
OAF_disgust/OAF_bite_disgust.wav,say the word bite,1
YAF_pleasant_surprised/YAF_third_ps.wav,say the word third,5
YAF_disgust/YAF_chat_disgust.wav,say the word chat,1
YAF_pleasant_surprised/YAF_gun_ps.wav,say the word gun,5
YAF_neutral/YAF_pick_neutral.wav,say the word pick,4
OAF_angry/OAF_white_angry.wav,say the word white,0
YAF_sad/YAF_youth_sad.wav,say the word youth,6
YAF_neutral/YAF_kill_neutral.wav,say the word kill,4
YAF_sad/YAF_chain_sad.wav,say the word chain,6
OAF_angry/OAF_dog_angry.wav,say the word dog,0
OAF_happy/OAF_ton_happy.wav,say the word ton,3
YAF_angry/YAF_young_angry.wav,say the word young,0
OAF_neutral/OAF_room_neutral.wav,say the word room,4
YAF_neutral/YAF_talk_neutral.wav,say the word talk,4
YAF_happy/YAF_wash_happy.wav,say the word wash,3
YAF_neutral/YAF_shout_neutral.wav,say the word shout,4
OAF_neutral/OAF_lid_neutral.wav,say the word lid,4
OAF_angry/OAF_germ_angry.wav,say the word germ,0
YAF_neutral/YAF_choice_neutral.wav,say the word choice,4
OAF_Pleasant_surprise/OAF_sell_ps.wav,say the word sell,5
YAF_disgust/YAF_keep_disgust.wav,say the word keep,1
YAF_pleasant_surprised/YAF_talk_ps.wav,say the word talk,5
OAF_Pleasant_surprise/OAF_dead_ps.wav,say the word dead,5
YAF_neutral/YAF_jar_neutral.wav,say the word jar,4
YAF_happy/YAF_long_happy.wav,say the word long,3
YAF_pleasant_surprised/YAF_came_ps.wav,say the word came,5
OAF_Fear/OAF_rat_fear.wav,say the word rat,2
OAF_Sad/OAF_hush_sad.wav,say the word hush,6
YAF_fear/YAF_perch_fear.wav,say the word perch,2
YAF_neutral/YAF_kick_neutral.wav,say the word kick,4
OAF_Fear/OAF_hall_fear.wav,say the word hall,2
YAF_happy/YAF_deep_happy.wav,say the word deep,3
OAF_Sad/OAF_soap_sad.wav,say the word soap,6
YAF_neutral/YAF_hall_neutral.wav,say the word hall,4
OAF_Fear/OAF_keen_fear.wav,say the word keen,2
YAF_happy/YAF_laud_happy.wav,say the word laud,3
YAF_angry/YAF_dead_angry.wav,say the word dead,0
YAF_fear/YAF_note_fear.wav,say the word note,2
OAF_angry/OAF_rush_angry.wav,say the word rush,0
YAF_sad/YAF_tape_sad.wav,say the word tape,6
OAF_Fear/OAF_road_fear.wav,say the word road,2
YAF_disgust/YAF_dime_disgust.wav,say the word dime,1
OAF_neutral/OAF_pearl_neutral.wav,say the word pearl,4
OAF_Pleasant_surprise/OAF_fall_ps.wav,say the word fall,5
OAF_Fear/OAF_search_fear.wav,say the word search,2
OAF_angry/OAF_rose_angry.wav,say the word rose,0
OAF_angry/OAF_numb_angry.wav,say the word numb,0
YAF_happy/YAF_pass_happy.wav,say the word pass,3
OAF_angry/OAF_mob_angry.wav,say the word mob,0
OAF_neutral/OAF_get_neutral.wav,say the word get,4
YAF_neutral/YAF_road_neutral.wav,say the word road,4
OAF_Sad/OAF_met_sad.wav,say the word met,6
YAF_neutral/YAF_laud_neutral.wav,say the word laud,4
OAF_Fear/OAF_seize_fear.wav,say the word seize,2
OAF_disgust/OAF_room_disgust.wav,say the word room,1
OAF_Fear/OAF_thin_fear.wav,say the word thin,2
YAF_fear/YAF_such_fear.wav,say the word such,2
OAF_happy/OAF_pike_happy.wav,say the word pike,3
OAF_disgust/OAF_pain_disgust.wav,say the word pain,1
OAF_Pleasant_surprise/OAF_cheek_ps.wav,say the word cheek,5
OAF_happy/OAF_door_happy.wav,say the word door,3
YAF_fear/YAF_far_fear.wav,say the word far,2
OAF_Sad/OAF_dime_sad.wav,say the word dime,6
OAF_Pleasant_surprise/OAF_love_ps.wav,say the word love,5
OAF_Fear/OAF_lose_fear.wav,say the word lose,2
OAF_neutral/OAF_hate_neutral.wav,say the word hate,4
OAF_angry/OAF_fit_angry.wav,say the word fit,0
YAF_disgust/YAF_void_disgust.wav,say the word void,1
YAF_pleasant_surprised/YAF_page_ps.wav,say the word page,5
YAF_neutral/YAF_tip_neutral.wav,say the word tip,4
YAF_fear/YAF_jail_fear.wav,say the word jail,2
OAF_angry/OAF_size_angry.wav,say the word size,0
OAF_neutral/OAF_germ_neutral.wav,say the word germ,4
YAF_sad/YAF_turn_sad.wav,say the word turn,6
OAF_Pleasant_surprise/OAF_chief_ps.wav,say the word chief,5
OAF_Sad/OAF_pole_sad.wav,say the word pole,6
OAF_Pleasant_surprise/OAF_beg_ps.wav,say the word beg,5
OAF_Fear/OAF_gun_fear.wav,say the word gun,2
OAF_Sad/OAF_youth_sad.wav,say the word youth,6
YAF_pleasant_surprised/YAF_rot_ps.wav,say the word rot,5
OAF_Fear/OAF_boat_fear.wav,say the word boat,2
YAF_sad/YAF_deep_sad.wav,say the word deep,6
YAF_angry/YAF_join_angry.wav,say the word join,0
YAF_happy/YAF_which_happy.wav,say the word which,3
OAF_happy/OAF_jar_happy.wav,say the word jar,3
YAF_fear/YAF_time_fear.wav,say the word time,2
YAF_angry/YAF_gin_angry.wav,say the word gin,0
YAF_happy/YAF_ditch_happy.wav,say the word ditch,3
YAF_happy/YAF_hate_happy.wav,say the word hate,3
OAF_Pleasant_surprise/OAF_book_ps.wav,say the word book,5
YAF_sad/YAF_tell_sad.wav,say the word tell,6
YAF_sad/YAF_page_sad.wav,say the word page,6
OAF_Pleasant_surprise/OAF_dip_ps.wav,say the word dip,5
YAF_happy/YAF_lore_happy.wav,say the word lore,3
YAF_happy/YAF_hurl_happy.wav,say the word hurl,3
OAF_Fear/OAF_pool_fear.wav,say the word pool,2
YAF_happy/YAF_haze_happy.wav,say the word haze,3
OAF_disgust/OAF_dog_disgust.wav,say the word dog,1
OAF_happy/OAF_love_happy.wav,say the word love,3
YAF_pleasant_surprised/YAF_long_ps.wav,say the word long,5
OAF_Fear/OAF_kite_fear.wav,say the word kite,2
YAF_fear/YAF_base_fear.wav,say the word base,2
YAF_happy/YAF_when_happy.wav,say the word when,3
YAF_sad/YAF_week_sad.wav,say the word week,6
YAF_neutral/YAF_haze_neutral.wav,say the word haze,4
OAF_Sad/OAF_rot_sad.wav,say the word rot,6
YAF_fear/YAF_nag_fear.wav,say the word nag,2
OAF_Pleasant_surprise/OAF_good_ps.wav,say the word good,5
YAF_neutral/YAF_pearl_neutral.wav,say the word pearl,4
OAF_Pleasant_surprise/OAF_hall_ps.wav,say the word hall,5
OAF_Fear/OAF_room_fear.wav,say the word room,2
OAF_Pleasant_surprise/OAF_which_ps.wav,say the word which,5
YAF_disgust/YAF_gaze_disgust.wav,say the word gaze,1
YAF_neutral/YAF_turn_neutral.wav,say the word turn,4
OAF_angry/OAF_pad_angry.wav,say the word pad,0
OAF_happy/OAF_vote_happy.wav,say the word vote,3
OAF_angry/OAF_time_angry.wav,say the word time,0
YAF_angry/YAF_bite_angry.wav,say the word bite,0
YAF_neutral/YAF_young_neutral.wav,say the word young,4
YAF_disgust/YAF_pool_disgust.wav,say the word pool,1
OAF_Pleasant_surprise/OAF_soup_ps.wav,say the word soup,5
YAF_disgust/YAF_seize_disgust.wav,say the word seize,1
OAF_Fear/OAF_vine_fear.wav,say the word vine,2
YAF_angry/YAF_third_angry.wav,say the word third,0
YAF_pleasant_surprised/YAF_wire_ps.wav,say the word wire,5
YAF_neutral/YAF_gin_neutral.wav,say the word gin,4
OAF_Sad/OAF_pool_sad.wav,say the word pool,6
OAF_Fear/OAF_rag_fear.wav,say the word rag,2
OAF_Pleasant_surprise/OAF_seize_ps.wav,say the word seize,5
YAF_fear/YAF_ton_fear.wav,say the word ton,2
OAF_disgust/OAF_sail_disgust.wav,say the word sail,1
YAF_sad/YAF_reach_sad.wav,say the word reach,6
YAF_angry/YAF_dog_angry.wav,say the word dog,0
YAF_angry/YAF_book_angry.wav,say the word book,0
OAF_Pleasant_surprise/OAF_dodge_ps.wav,say the word dodge,5
YAF_neutral/YAF_home_neutral.wav,say the word home,4
OAF_Pleasant_surprise/OAF_shall_ps.wav,say the word shall,5
YAF_happy/YAF_knock_happy.wav,say the word knock,3
OAF_Sad/OAF_bar_sad.wav,say the word bar,6
YAF_angry/YAF_bath_angry.wav,say the word bath,0
YAF_disgust/YAF_haze_disgust.wav,say the word haze,1
OAF_angry/OAF_bone_angry.wav,say the word bone,0
OAF_Sad/OAF_lot_sad.wav,say the word lot,6
YAF_sad/YAF_merge_sad.wav,say the word merge,6
OAF_neutral/OAF_soup_neutral.wav,say the word soup,4
YAF_pleasant_surprised/YAF_which_ps.wav,say the word which,5
OAF_angry/OAF_death_angry.wav,say the word death,0
OAF_happy/OAF_hate_happy.wav,say the word hate,3
OAF_Sad/OAF_calm_sad.wav,say the word calm,6
YAF_fear/YAF_shirt_fear.wav,say the word shirt,2
OAF_Fear/OAF_week_fear.wav,say the word week,2
OAF_Sad/OAF_get_sad.wav,say the word get,6
YAF_neutral/YAF_fit_neutral.wav,say the word fit,4
OAF_disgust/OAF_long_disgust.wav,say the word long,1
YAF_disgust/YAF_note_disgust.wav,say the word note,1
OAF_disgust/OAF_check_disgust.wav,say the word check,1
YAF_fear/YAF_sail_fear.wav,say the word sail,2
OAF_happy/OAF_burn_happy.wav,say the word burn,3
OAF_happy/OAF_pearl_happy.wav,say the word pearl,3
YAF_angry/YAF_back_angry.wav,say the word back,0
OAF_Fear/OAF_dog_fear.wav,say the word dog,2
OAF_Fear/OAF_fall_fear.wav,say the word fall,2
YAF_happy/YAF_gun_happy.wav,say the word gun,3
OAF_disgust/OAF_hurl_disgust.wav,say the word hurl,1
OAF_angry/OAF_gas_angry.wav,say the word gas,0
OAF_Pleasant_surprise/OAF_king_ps.wav,say the word king,5
YAF_disgust/YAF_tool_disgust.wav,say the word tool,1
YAF_happy/YAF_hole_happy.wav,say the word hole,3
YAF_angry/YAF_kite_angry.wav,say the word kite,0
YAF_neutral/YAF_soap_neutral.wav,say the word soap,4
YAF_fear/YAF_keg_fear.wav,say the word keg,2
YAF_fear/YAF_wife_fear.wav,say the word wife,2
YAF_sad/YAF_dog_sad.wav,say the word dog,6
YAF_angry/YAF_kill_angry.wav,say the word kill,0
YAF_pleasant_surprised/YAF_yes_ps.wav,say the word yes,5
OAF_disgust/OAF_fat_disgust.wav,say the word fat,1
OAF_angry/OAF_shack_angry.wav,say the word shack,0
OAF_angry/OAF_five_angry.wav,say the word five,0
OAF_neutral/OAF_such_neutral.wav,say the word such,4
YAF_angry/YAF_peg_angry.wav,say the word peg,0
OAF_Pleasant_surprise/OAF_door_ps.wav,say the word door,5
OAF_disgust/OAF_team_disgust.wav,say the word team,1
OAF_angry/OAF_met_angry.wav,say the word met,0
OAF_happy/OAF_wheat_happy.wav,say the word wheat,3
OAF_Pleasant_surprise/OAF_pool_ps.wav,say the word pool,5
OAF_angry/OAF_hall_angry.wav,say the word hall,0
OAF_happy/OAF_pain_happy.wav,say the word pain,3
YAF_pleasant_surprised/YAF_bar_ps.wav,say the word bar,5
OAF_angry/OAF_reach_angry.wav,say the word reach,0
YAF_angry/YAF_perch_angry.wav,say the word perch,0
YAF_pleasant_surprised/YAF_south_ps.wav,say the word south,5
YAF_angry/YAF_tell_angry.wav,say the word tell,0
OAF_angry/OAF_hit_angry.wav,say the word hit,0
OAF_Sad/OAF_check_sad.wav,say the word check,6
OAF_disgust/OAF_bar_disgust.wav,say the word bar,1
YAF_angry/YAF_note_angry.wav,say the word note,0
OAF_disgust/OAF_gin_disgust.wav,say the word gin,1
YAF_angry/YAF_sail_angry.wav,say the word sail,0
OAF_disgust/OAF_such_disgust.wav,say the word such,1
YAF_sad/YAF_book_sad.wav,say the word book,6
YAF_fear/YAF_mood_fear.wav,say the word mood,2
YAF_angry/YAF_youth_angry.wav,say the word youth,0
OAF_neutral/OAF_sure_neutral.wav,say the word sure,4
OAF_Fear/OAF_dime_fear.wav,say the word dime,2
OAF_Sad/OAF_long_sad.wav,say the word long,6
OAF_angry/OAF_thought_angry.wav,say the word thought,0
YAF_sad/YAF_learn_sad.wav,say the word learn,6
OAF_Fear/OAF_turn_fear.wav,say the word turn,2
OAF_Pleasant_surprise/OAF_lot_ps.wav,say the word lot,5
OAF_Pleasant_surprise/OAF_pain_ps.wav,say the word pain,5
OAF_disgust/OAF_lot_disgust.wav,say the word lot,1
OAF_neutral/OAF_bought_neutral.wav,say the word bought,4
OAF_disgust/OAF_merge_disgust.wav,say the word merge,1
YAF_pleasant_surprised/YAF_search_ps.wav,say the word search,5
YAF_fear/YAF_death_fear.wav,say the word death,2
YAF_happy/YAF_back_happy.wav,say the word back,3
YAF_fear/YAF_rain_fear.wav,say the word rain,2
YAF_happy/YAF_goal_happy.wav,say the word goal,3
OAF_Sad/OAF_phone_sad.wav,say the word phone,6
YAF_disgust/YAF_have_disgust.wav,say the word have,1
OAF_Sad/OAF_bite_sad.wav,say the word bite,6
YAF_disgust/YAF_fall_disgust.wav,say the word fall,1
YAF_pleasant_surprised/YAF_join_ps.wav,say the word join,5
YAF_pleasant_surprised/YAF_king_ps.wav,say the word king,5
YAF_happy/YAF_sure_happy.wav,say the word sure,3
OAF_disgust/OAF_jail_disgust.wav,say the word jail,1
YAF_angry/YAF_sell_angry.wav,say the word sell,0
OAF_happy/OAF_chat_happy.wav,say the word chat,3
YAF_sad/YAF_red_sad.wav,say the word red,6
OAF_angry/OAF_food_angry.wav,say the word food,0
YAF_pleasant_surprised/YAF_food_ps.wav,say the word food,5
OAF_disgust/OAF_pick_disgust.wav,say the word pick,1
OAF_Fear/OAF_sure_fear.wav,say the word sure,2
YAF_sad/YAF_boat_sad.wav,say the word boat,6
YAF_disgust/YAF_chain_disgust.wav,say the word chain,1
OAF_angry/OAF_bath_angry.wav,say the word bath,0
YAF_disgust/YAF_choice_disgust.wav,say the word choice,1
OAF_Fear/OAF_tool_fear.wav,say the word tool,2
OAF_disgust/OAF_near_disgust.wav,say the word near,1
YAF_fear/YAF_vine_fear.wav,say the word vine,2
YAF_angry/YAF_burn_angry.wav,say the word burn,0
YAF_angry/YAF_rag_angry.wav,say the word rag,0
OAF_angry/OAF_cheek_angry.wav,say the word cheek,0
YAF_angry/YAF_wire_angry.wav,say the word wire,0
OAF_Pleasant_surprise/OAF_vote_ps.wav,say the word vote,5
YAF_angry/YAF_sure_angry.wav,say the word sure,0
OAF_happy/OAF_vine_happy.wav,say the word vine,3
YAF_disgust/YAF_beg_disgust.wav,say the word beg,1
OAF_Sad/OAF_week_sad.wav,say the word week,6
OAF_angry/OAF_shout_angry.wav,say the word shout,0
OAF_happy/OAF_limb_happy.wav,say the word limb,3
YAF_neutral/YAF_white_neutral.wav,say the word white,4
OAF_happy/OAF_search_happy.wav,say the word search,3
OAF_neutral/OAF_goose_neutral.wav,say the word goose,4
OAF_Fear/OAF_beg_fear.wav,say the word beg,2
OAF_angry/OAF_keg_angry.wav,say the word keg,0
OAF_Sad/OAF_nice_sad.wav,say the word nice,6
OAF_happy/OAF_wag_happy.wav,say the word wag,3
YAF_happy/YAF_lot_happy.wav,say the word lot,3
YAF_pleasant_surprised/YAF_seize_ps.wav,say the word seize,5
OAF_Pleasant_surprise/OAF_whip_ps.wav,say the word whip,5
OAF_disgust/OAF_bone_disgust.wav,say the word bone,1
YAF_happy/YAF_kill_happy.wav,say the word kill,3
OAF_happy/OAF_shack_happy.wav,say the word shack,3
OAF_Pleasant_surprise/OAF_young_ps.wav,say the word young,5
YAF_disgust/YAF_shall_disgust.wav,say the word shall,1
YAF_happy/YAF_tip_happy.wav,say the word tip,3
OAF_happy/OAF_south_happy.wav,say the word south,3
OAF_happy/OAF_merge_happy.wav,say the word merge,3
OAF_Sad/OAF_base_sad.wav,say the word base,6
OAF_Sad/OAF_pike_sad.wav,say the word pike,6
YAF_pleasant_surprised/YAF_soup_ps.wav,say the word soup,5
YAF_pleasant_surprised/YAF_tell_ps.wav,say the word tell,5
YAF_happy/YAF_shack_happy.wav,say the word shack,3
OAF_Pleasant_surprise/OAF_jar_ps.wav,say the word jar,5
OAF_Fear/OAF_chain_fear.wav,say the word chain,2
YAF_sad/YAF_rat_sad.wav,say the word rat,6
OAF_disgust/OAF_wheat_disgust.wav,say the word wheat,1
OAF_neutral/OAF_book_neutral.wav,say the word book,4
OAF_Fear/OAF_sour_fear.wav,say the word sour,2
YAF_angry/YAF_sub_angry.wav,say the word sub,0
OAF_happy/OAF_hit_happy.wav,say the word hit,3
YAF_pleasant_surprised/YAF_lid_ps.wav,say the word lid,5
YAF_angry/YAF_cause_angry.wav,say the word cause,0
YAF_angry/YAF_soup_angry.wav,say the word soup,0
OAF_Fear/OAF_shout_fear.wav,say the word shout,2
YAF_happy/YAF_bite_happy.wav,say the word bite,3
OAF_Fear/OAF_wire_fear.wav,say the word wire,2
OAF_Sad/OAF_mob_sad.wav,say the word mob,6
YAF_pleasant_surprised/YAF_chair_ps.wav,say the word chair,5
OAF_Pleasant_surprise/OAF_came_ps.wav,say the word came,5
YAF_pleasant_surprised/YAF_jail_ps.wav,say the word jail,5
YAF_pleasant_surprised/YAF_mop_ps.wav,say the word mop,5
YAF_angry/YAF_get_angry.wav,say the word get,0
YAF_disgust/YAF_mouse_disgust.wav,say the word mouse,1
OAF_Sad/OAF_beg_sad.wav,say the word beg,6
OAF_neutral/OAF_pick_neutral.wav,say the word pick,4
OAF_happy/OAF_white_happy.wav,say the word white,3
OAF_happy/OAF_cause_happy.wav,say the word cause,3
YAF_happy/YAF_void_happy.wav,say the word void,3
OAF_Pleasant_surprise/OAF_rat_ps.wav,say the word rat,5
YAF_sad/YAF_pole_sad.wav,say the word pole,6
YAF_sad/YAF_third_sad.wav,say the word third,6
OAF_angry/OAF_lean_angry.wav,say the word lean,0
OAF_angry/OAF_shawl_angry.wav,say the word shawl,0
YAF_fear/YAF_near_fear.wav,say the word near,2
YAF_fear/YAF_chief_fear.wav,say the word chief,2
YAF_fear/YAF_kite_fear.wav,say the word kite,2
YAF_neutral/YAF_room_neutral.wav,say the word room,4
OAF_disgust/OAF_name_disgust.wav,say the word name,1
OAF_Pleasant_surprise/OAF_kite_ps.wav,say the word kite,5
OAF_neutral/OAF_deep_neutral.wav,say the word deep,4
YAF_happy/YAF_hit_happy.wav,say the word hit,3
YAF_fear/YAF_met_fear.wav,say the word met,2
YAF_happy/YAF_dime_happy.wav,say the word dime,3
YAF_pleasant_surprised/YAF_moon_ps.wav,say the word moon,5
OAF_neutral/OAF_rose_neutral.wav,say the word rose,4
OAF_neutral/OAF_home_neutral.wav,say the word home,4
OAF_disgust/OAF_whip_disgust.wav,say the word whip,1
YAF_disgust/YAF_lid_disgust.wav,say the word lid,1
YAF_happy/YAF_sub_happy.wav,say the word sub,3
OAF_Fear/OAF_yearn_fear.wav,say the word yearn,2
OAF_neutral/OAF_tip_neutral.wav,say the word tip,4
YAF_fear/YAF_doll_fear.wav,say the word doll,2
OAF_angry/OAF_ditch_angry.wav,say the word ditch,0
OAF_angry/OAF_should_angry.wav,say the word should,0
OAF_Sad/OAF_voice_sad.wav,say the word voice,6
OAF_disgust/OAF_king_disgust.wav,say the word king,1
OAF_Fear/OAF_ton_fear.wav,say the word ton,2
YAF_sad/YAF_cheek_sad.wav,say the word cheek,6
OAF_Sad/OAF_match_sad.wav,say the word match,6
OAF_angry/OAF_tough_angry.wav,say the word tough,0
OAF_angry/OAF_rot_angry.wav,say the word rot,0
OAF_happy/OAF_back_happy.wav,say the word back,3
YAF_angry/YAF_chair_angry.wav,say the word chair,0
YAF_neutral/YAF_time_neutral.wav,say the word time,4
YAF_happy/YAF_name_happy.wav,say the word name,3
YAF_fear/YAF_hash_fear.wav,say the word hash,2
YAF_angry/YAF_sheep_angry.wav,say the word sheep,0
YAF_neutral/YAF_food_neutral.wav,say the word food,4
OAF_disgust/OAF_pass_disgust.wav,say the word pass,1
OAF_Sad/OAF_back_sad.wav,say the word back,6
YAF_neutral/YAF_gaze_neutral.wav,say the word gaze,4
OAF_angry/OAF_kill_angry.wav,say the word kill,0
OAF_disgust/OAF_beg_disgust.wav,say the word beg,1
YAF_happy/YAF_page_happy.wav,say the word page,3
OAF_disgust/OAF_five_disgust.wav,say the word five,1
YAF_sad/YAF_kite_sad.wav,say the word kite,6
OAF_angry/OAF_phone_angry.wav,say the word phone,0
YAF_fear/YAF_cheek_fear.wav,say the word cheek,2
OAF_disgust/OAF_ring_disgust.wav,say the word ring,1
OAF_Sad/OAF_sub_sad.wav,say the word sub,6
YAF_fear/YAF_hate_fear.wav,say the word hate,2
YAF_neutral/YAF_luck_neutral.wav,say the word luck,4
OAF_disgust/OAF_dead_disgust.wav,say the word dead,1
YAF_angry/YAF_seize_angry.wav,say the word seize,0
OAF_Fear/OAF_pad_fear.wav,say the word pad,2
YAF_fear/YAF_room_fear.wav,say the word room,2
OAF_Sad/OAF_bath_sad.wav,say the word bath,6
YAF_sad/YAF_soap_sad.wav,say the word soap,6
OAF_Fear/OAF_tell_fear.wav,say the word tell,2
YAF_pleasant_surprised/YAF_late_ps.wav,say the word late,5
YAF_happy/YAF_bath_happy.wav,say the word bath,3
OAF_happy/OAF_beg_happy.wav,say the word beg,3
YAF_sad/YAF_get_sad.wav,say the word get,6
YAF_neutral/YAF_mess_neutral.wav,say the word mess,4
YAF_disgust/YAF_ton_disgust.wav,say the word ton,1
YAF_disgust/YAF_soap_disgust.wav,say the word soap,1
YAF_neutral/YAF_date_neutral.wav,say the word date,4
OAF_neutral/OAF_pass_neutral.wav,say the word pass,4
OAF_Pleasant_surprise/OAF_mode_ps.wav,say the word mode,5
YAF_fear/YAF_fall_fear.wav,say the word fall,2
OAF_Sad/OAF_lose_sad.wav,say the word lose,6
YAF_neutral/YAF_week_neutral.wav,say the word week,4
YAF_disgust/YAF_rose_disgust.wav,say the word rose,1
OAF_Fear/OAF_young_fear.wav,say the word young,2
YAF_happy/YAF_vine_happy.wav,say the word vine,3
OAF_neutral/OAF_rot_neutral.wav,say the word rot,4
OAF_Fear/OAF_mess_fear.wav,say the word mess,2
YAF_sad/YAF_keen_sad.wav,say the word keen,6
YAF_fear/YAF_neat_fear.wav,say the word neat,2
YAF_angry/YAF_goal_angry.wav,say the word goal,0
YAF_happy/YAF_take_happy.wav,say the word take,3
YAF_fear/YAF_shack_fear.wav,say the word shack,2
OAF_happy/OAF_dime_happy.wav,say the word dime,3
OAF_neutral/OAF_which_neutral.wav,say the word which,4
YAF_neutral/YAF_voice_neutral.wav,say the word voice,4
OAF_Pleasant_surprise/OAF_long_ps.wav,say the word long,5
YAF_pleasant_surprised/YAF_kite_ps.wav,say the word kite,5
YAF_disgust/YAF_raid_disgust.wav,say the word raid,1
YAF_angry/YAF_match_angry.wav,say the word match,0
OAF_disgust/OAF_lose_disgust.wav,say the word lose,1
YAF_neutral/YAF_keep_neutral.wav,say the word keep,4
OAF_Fear/OAF_size_fear.wav,say the word size,2
YAF_happy/YAF_death_happy.wav,say the word death,3
YAF_neutral/YAF_puff_neutral.wav,say the word puff,4
YAF_sad/YAF_five_sad.wav,say the word five,6
YAF_fear/YAF_hire_fear.wav,say the word hire,2
OAF_Pleasant_surprise/OAF_ring_ps.wav,say the word ring,5
OAF_happy/OAF_make_happy.wav,say the word make,3
OAF_happy/OAF_hire_happy.wav,say the word hire,3
YAF_angry/YAF_calm_angry.wav,say the word calm,0
OAF_happy/OAF_mop_happy.wav,say the word mop,3
YAF_sad/YAF_puff_sad.wav,say the word puff,6
OAF_happy/OAF_sour_happy.wav,say the word sour,3
OAF_happy/OAF_nice_happy.wav,say the word nice,3
OAF_Pleasant_surprise/OAF_youth_ps.wav,say the word youth,5
YAF_happy/YAF_should_happy.wav,say the word should,3
YAF_pleasant_surprised/YAF_learn_ps.wav,say the word learn,5
OAF_neutral/OAF_hole_neutral.wav,say the word hole,4
YAF_angry/YAF_lease_angry.wav,say the word lease,0
OAF_Fear/OAF_met_fear.wav,say the word met,2
OAF_disgust/OAF_tell_disgust.wav,say the word tell,1
YAF_sad/YAF_search_sad.wav,say the word search,6
YAF_angry/YAF_talk_angry.wav,say the word talk,0
YAF_pleasant_surprised/YAF_date_ps.wav,say the word date,5
YAF_angry/YAF_dip_angry.wav,say the word dip,0
OAF_Sad/OAF_gap_sad.wav,say the word gap,6
OAF_happy/OAF_tape_happy.wav,say the word tape,3
YAF_pleasant_surprised/YAF_name_ps.wav,say the word name,5
OAF_neutral/OAF_nag_neutral.wav,say the word nag,4
OAF_happy/OAF_ripe_happy.wav,say the word ripe,3
YAF_neutral/YAF_rough_neutral.wav,say the word rough,4
YAF_sad/YAF_name_sad.wav,say the word name,6
YAF_fear/YAF_gaze_fear.wav,say the word gaze,2
OAF_disgust/OAF_note_disgust.wav,say the word note,1
YAF_disgust/YAF_fat_disgust.wav,say the word fat,1
YAF_happy/YAF_judge_happy.wav,say the word judge,3
YAF_sad/YAF_wheat_sad.wav,say the word wheat,6
OAF_disgust/OAF_gas_disgust.wav,say the word gas,1
OAF_Sad/OAF_pain_sad.wav,say the word pain,6
OAF_disgust/OAF_reach_disgust.wav,say the word reach,1
YAF_disgust/YAF_mill_disgust.wav,say the word mill,1
OAF_Pleasant_surprise/OAF_chain_ps.wav,say the word chain,5
YAF_happy/YAF_rain_happy.wav,say the word rain,3
OAF_happy/OAF_neat_happy.wav,say the word neat,3
YAF_sad/YAF_judge_sad.wav,say the word judge,6
YAF_sad/YAF_base_sad.wav,say the word base,6
OAF_neutral/OAF_page_neutral.wav,say the word page,4
OAF_Pleasant_surprise/OAF_wheat_ps.wav,say the word wheat,5
YAF_disgust/YAF_life_disgust.wav,say the word life,1
OAF_Sad/OAF_jail_sad.wav,say the word jail,6
OAF_angry/OAF_red_angry.wav,say the word red,0
YAF_pleasant_surprised/YAF_chief_ps.wav,say the word chief,5
YAF_fear/YAF_food_fear.wav,say the word food,2
OAF_angry/OAF_dodge_angry.wav,say the word dodge,0
OAF_Sad/OAF_moon_sad.wav,say the word moon,6
YAF_sad/YAF_young_sad.wav,say the word young,6
YAF_disgust/YAF_cheek_disgust.wav,say the word cheek,1
YAF_sad/YAF_chair_sad.wav,say the word chair,6
OAF_happy/OAF_half_happy.wav,say the word half,3
OAF_disgust/OAF_hire_disgust.wav,say the word hire,1
OAF_Fear/OAF_tough_fear.wav,say the word tough,2
OAF_Sad/OAF_said_sad.wav,say the word said,6
OAF_neutral/OAF_kite_neutral.wav,say the word kite,4
YAF_fear/YAF_pike_fear.wav,say the word pike,2
YAF_angry/YAF_shall_angry.wav,say the word shall,0
OAF_disgust/OAF_youth_disgust.wav,say the word youth,1
OAF_Pleasant_surprise/OAF_make_ps.wav,say the word make,5
OAF_disgust/OAF_mess_disgust.wav,say the word mess,1
YAF_pleasant_surprised/YAF_cab_ps.wav,say the word cab,5
OAF_happy/OAF_whip_happy.wav,say the word whip,3
YAF_angry/YAF_reach_angry.wav,say the word reach,0
YAF_disgust/YAF_wife_disgust.wav,say the word wife,1
OAF_angry/OAF_doll_angry.wav,say the word doll,0
YAF_happy/YAF_get_happy.wav,say the word get,3
YAF_fear/YAF_fit_fear.wav,say the word fit,2
OAF_happy/OAF_mouse_happy.wav,say the word mouse,3
YAF_fear/YAF_rough_fear.wav,say the word rough,2
OAF_happy/OAF_live_happy.wav,say the word live,3
OAF_Sad/OAF_hire_sad.wav,say the word hire,6
OAF_Fear/OAF_perch_fear.wav,say the word perch,2
YAF_fear/YAF_goose_fear.wav,say the word goose,2
OAF_Pleasant_surprise/OAF_voice_ps.wav,say the word voice,5
YAF_pleasant_surprised/YAF_mess_ps.wav,say the word mess,5
OAF_Sad/OAF_wire_sad.wav,say the word wire,6
OAF_Fear/OAF_mob_fear.wav,say the word mob,2
YAF_fear/YAF_soap_fear.wav,say the word soap,2
YAF_angry/YAF_tough_angry.wav,say the word tough,0
YAF_neutral/YAF_hole_neutral.wav,say the word hole,4
OAF_Pleasant_surprise/OAF_should_ps.wav,say the word should,5
OAF_Sad/OAF_lean_sad.wav,say the word lean,6
OAF_angry/OAF_thumb_angry.wav,say the word thumb,0
YAF_fear/YAF_juice_fear.wav,say the word juice,2
YAF_pleasant_surprised/YAF_mode_ps.wav,say the word mode,5
YAF_pleasant_surprised/YAF_vine_ps.wav,say the word vine,5
YAF_disgust/YAF_join_disgust.wav,say the word join,1
YAF_angry/YAF_road_angry.wav,say the word road,0
YAF_neutral/YAF_hurl_neutral.wav,say the word hurl,4
OAF_neutral/OAF_seize_neutral.wav,say the word seize,4
OAF_angry/OAF_young_angry.wav,say the word young,0
YAF_happy/YAF_phone_happy.wav,say the word phone,3
OAF_disgust/OAF_food_disgust.wav,say the word food,1
OAF_Fear/OAF_nag_fear.wav,say the word nag,2
OAF_angry/OAF_make_angry.wav,say the word make,0
OAF_angry/OAF_neat_angry.wav,say the word neat,0
YAF_neutral/YAF_king_neutral.wav,say the word king,4
YAF_pleasant_surprised/YAF_boat_ps.wav,say the word boat,5
YAF_happy/YAF_tape_happy.wav,say the word tape,3
YAF_fear/YAF_size_fear.wav,say the word size,2
YAF_pleasant_surprised/YAF_five_ps.wav,say the word five,5
OAF_disgust/OAF_tape_disgust.wav,say the word tape,1
OAF_Sad/OAF_limb_sad.wav,say the word limb,6
OAF_neutral/OAF_life_neutral.wav,say the word life,4
YAF_disgust/YAF_live_disgust.wav,say the word live,1
YAF_happy/YAF_sheep_happy.wav,say the word sheep,3
OAF_angry/OAF_home_angry.wav,say the word home,0
OAF_disgust/OAF_laud_disgust.wav,say the word laud,1
OAF_Sad/OAF_pad_sad.wav,say the word pad,6
YAF_sad/YAF_note_sad.wav,say the word note,6
OAF_Pleasant_surprise/OAF_note_ps.wav,say the word note,5
YAF_pleasant_surprised/YAF_sure_ps.wav,say the word sure,5
OAF_Sad/OAF_cab_sad.wav,say the word cab,6
YAF_neutral/YAF_hit_neutral.wav,say the word hit,4
OAF_Sad/OAF_shirt_sad.wav,say the word shirt,6
OAF_disgust/OAF_hate_disgust.wav,say the word hate,1
OAF_neutral/OAF_wag_neutral.wav,say the word wag,4
OAF_angry/OAF_learn_angry.wav,say the word learn,0
OAF_Pleasant_surprise/OAF_rose_ps.wav,say the word rose,5
OAF_Pleasant_surprise/OAF_five_ps.wav,say the word five,5
YAF_angry/YAF_five_angry.wav,say the word five,0
OAF_disgust/OAF_yearn_disgust.wav,say the word yearn,1
YAF_neutral/YAF_bought_neutral.wav,say the word bought,4
OAF_neutral/OAF_death_neutral.wav,say the word death,4
YAF_neutral/YAF_life_neutral.wav,say the word life,4
OAF_Fear/OAF_bought_fear.wav,say the word bought,2
YAF_disgust/YAF_sail_disgust.wav,say the word sail,1
YAF_angry/YAF_met_angry.wav,say the word met,0
OAF_Fear/OAF_pole_fear.wav,say the word pole,2
YAF_happy/YAF_sail_happy.wav,say the word sail,3
OAF_Sad/OAF_good_sad.wav,say the word good,6
YAF_angry/YAF_wash_angry.wav,say the word wash,0
YAF_sad/YAF_dip_sad.wav,say the word dip,6
YAF_happy/YAF_hash_happy.wav,say the word hash,3
OAF_angry/OAF_king_angry.wav,say the word king,0
OAF_Fear/OAF_chalk_fear.wav,say the word chalk,2
YAF_pleasant_surprised/YAF_pool_ps.wav,say the word pool,5
YAF_happy/YAF_note_happy.wav,say the word note,3
OAF_angry/OAF_jug_angry.wav,say the word jug,0
YAF_happy/YAF_raid_happy.wav,say the word raid,3
OAF_happy/OAF_mill_happy.wav,say the word mill,3
OAF_angry/OAF_burn_angry.wav,say the word burn,0
OAF_neutral/OAF_door_neutral.wav,say the word door,4
OAF_Fear/OAF_match_fear.wav,say the word match,2
OAF_disgust/OAF_loaf_disgust.wav,say the word loaf,1
YAF_angry/YAF_goose_angry.wav,say the word goose,0
YAF_neutral/YAF_lot_neutral.wav,say the word lot,4
YAF_disgust/YAF_king_disgust.wav,say the word king,1
YAF_happy/YAF_food_happy.wav,say the word food,3
YAF_happy/YAF_ton_happy.wav,say the word ton,3
YAF_fear/YAF_puff_fear.wav,say the word puff,2
OAF_Sad/OAF_loaf_sad.wav,say the word loaf,6
YAF_neutral/YAF_mill_neutral.wav,say the word mill,4
YAF_happy/YAF_lose_happy.wav,say the word lose,3
YAF_neutral/YAF_lose_neutral.wav,say the word lose,4
OAF_Sad/OAF_date_sad.wav,say the word date,6
OAF_neutral/OAF_mood_neutral.wav,say the word mood,4
OAF_disgust/OAF_search_disgust.wav,say the word search,1
YAF_happy/YAF_thumb_happy.wav,say the word thumb,3
YAF_fear/YAF_life_fear.wav,say the word life,2
OAF_neutral/OAF_search_neutral.wav,say the word search,4
OAF_Sad/OAF_rag_sad.wav,say the word rag,6
OAF_angry/OAF_moon_angry.wav,say the word moon,0
OAF_Fear/OAF_pick_fear.wav,say the word pick,2
OAF_neutral/OAF_judge_neutral.wav,say the word judge,4
YAF_pleasant_surprised/YAF_wheat_ps.wav,say the word wheat,5
OAF_happy/OAF_fall_happy.wav,say the word fall,3
YAF_angry/YAF_rat_angry.wav,say the word rat,0
OAF_angry/OAF_tire_angry.wav,say the word tire,0
OAF_disgust/OAF_gaze_disgust.wav,say the word gaze,1
YAF_disgust/YAF_hall_disgust.wav,say the word hall,1
OAF_angry/OAF_life_angry.wav,say the word life,0
YAF_disgust/YAF_tape_disgust.wav,say the word tape,1
OAF_Fear/OAF_live_fear.wav,say the word live,2
OAF_Fear/OAF_goal_fear.wav,say the word goal,2
OAF_angry/OAF_lore_angry.wav,say the word lore,0
OAF_Fear/OAF_soap_fear.wav,say the word soap,2
YAF_pleasant_surprised/YAF_burn_ps.wav,say the word burn,5
YAF_fear/YAF_gas_fear.wav,say the word gas,2
OAF_disgust/OAF_calm_disgust.wav,say the word calm,1
YAF_sad/YAF_pike_sad.wav,say the word pike,6
OAF_angry/OAF_door_angry.wav,say the word door,0
OAF_disgust/OAF_keep_disgust.wav,say the word keep,1
YAF_fear/YAF_king_fear.wav,say the word king,2
OAF_disgust/OAF_thumb_disgust.wav,say the word thumb,1
YAF_neutral/YAF_tell_neutral.wav,say the word tell,4
YAF_fear/YAF_lose_fear.wav,say the word lose,2
OAF_Fear/OAF_which_fear.wav,say the word which,2
OAF_angry/OAF_loaf_angry.wav,say the word loaf,0
YAF_angry/YAF_mode_angry.wav,say the word mode,0
YAF_pleasant_surprised/YAF_far_ps.wav,say the word far,5
OAF_disgust/OAF_ditch_disgust.wav,say the word ditch,1
YAF_fear/YAF_kick_fear.wav,say the word kick,2
YAF_angry/YAF_hush_angry.wav,say the word hush,0
YAF_pleasant_surprised/YAF_sell_ps.wav,say the word sell,5
YAF_sad/YAF_rag_sad.wav,say the word rag,6
YAF_disgust/YAF_hurl_disgust.wav,say the word hurl,1
YAF_angry/YAF_late_angry.wav,say the word late,0
YAF_happy/YAF_room_happy.wav,say the word room,3
YAF_disgust/YAF_third_disgust.wav,say the word third,1
YAF_happy/YAF_tire_happy.wav,say the word tire,3
YAF_angry/YAF_said_angry.wav,say the word said,0
YAF_sad/YAF_knock_sad.wav,say the word knock,6
OAF_Fear/OAF_read_fear.wav,say the word read,2
OAF_happy/OAF_chalk_happy.wav,say the word chalk,3
OAF_angry/OAF_hire_angry.wav,say the word hire,0
YAF_pleasant_surprised/YAF_gas_ps.wav,say the word gas,5
OAF_disgust/OAF_boat_disgust.wav,say the word boat,1
OAF_Sad/OAF_perch_sad.wav,say the word perch,6
YAF_disgust/YAF_laud_disgust.wav,say the word laud,1
YAF_angry/YAF_live_angry.wav,say the word live,0
OAF_Pleasant_surprise/OAF_jug_ps.wav,say the word jug,5
YAF_angry/YAF_kick_angry.wav,say the word kick,0
OAF_disgust/OAF_match_disgust.wav,say the word match,1
OAF_happy/OAF_match_happy.wav,say the word match,3
YAF_angry/YAF_jail_angry.wav,say the word jail,0
OAF_Fear/OAF_such_fear.wav,say the word such,2
YAF_fear/YAF_tough_fear.wav,say the word tough,2
OAF_Sad/OAF_mood_sad.wav,say the word mood,6
YAF_disgust/YAF_tough_disgust.wav,say the word tough,1
OAF_disgust/OAF_kick_disgust.wav,say the word kick,1
OAF_disgust/OAF_luck_disgust.wav,say the word luck,1
OAF_Sad/OAF_nag_sad.wav,say the word nag,6
YAF_happy/YAF_tell_happy.wav,say the word tell,3
YAF_angry/YAF_ton_angry.wav,say the word ton,0
YAF_fear/YAF_limb_fear.wav,say the word limb,2
OAF_disgust/OAF_goal_disgust.wav,say the word goal,1
YAF_angry/YAF_bar_angry.wav,say the word bar,0
OAF_Sad/OAF_juice_sad.wav,say the word juice,6
YAF_angry/YAF_fall_angry.wav,say the word fall,0
YAF_sad/YAF_ditch_sad.wav,say the word ditch,6
YAF_pleasant_surprised/YAF_shall_ps.wav,say the word shall,5
OAF_Fear/OAF_five_fear.wav,say the word five,2
OAF_Fear/OAF_good_fear.wav,say the word good,2
OAF_Fear/OAF_witch_fear.wav,say the word witch,2
OAF_neutral/OAF_king_neutral.wav,say the word king,4
OAF_happy/OAF_ditch_happy.wav,say the word ditch,3
YAF_pleasant_surprised/YAF_void_ps.wav,say the word void,5
YAF_pleasant_surprised/YAF_jar_ps.wav,say the word jar,5
OAF_Pleasant_surprise/OAF_rot_ps.wav,say the word rot,5
YAF_angry/YAF_chief_angry.wav,say the word chief,0
OAF_Pleasant_surprise/OAF_when_ps.wav,say the word when,5
OAF_happy/OAF_bean_happy.wav,say the word bean,3
YAF_angry/YAF_pain_angry.wav,say the word pain,0
OAF_happy/OAF_time_happy.wav,say the word time,3
OAF_disgust/OAF_cheek_disgust.wav,say the word cheek,1
YAF_sad/YAF_match_sad.wav,say the word match,6
YAF_fear/YAF_whip_fear.wav,say the word whip,2
YAF_fear/YAF_match_fear.wav,say the word match,2
YAF_pleasant_surprised/YAF_loaf_ps.wav,say the word loaf,5
OAF_Fear/OAF_bite_fear.wav,say the word bite,2
OAF_happy/OAF_book_happy.wav,say the word book,3
YAF_happy/YAF_shout_happy.wav,say the word shout,3
YAF_fear/YAF_wash_fear.wav,say the word wash,2
OAF_Pleasant_surprise/OAF_sure_ps.wav,say the word sure,5
YAF_pleasant_surprised/YAF_size_ps.wav,say the word size,5
OAF_happy/OAF_road_happy.wav,say the word road,3
YAF_disgust/YAF_pass_disgust.wav,say the word pass,1
YAF_sad/YAF_gas_sad.wav,say the word gas,6
YAF_disgust/YAF_late_disgust.wav,say the word late,1
OAF_angry/OAF_puff_angry.wav,say the word puff,0
OAF_disgust/OAF_chain_disgust.wav,say the word chain,1
YAF_sad/YAF_lose_sad.wav,say the word lose,6
YAF_neutral/YAF_burn_neutral.wav,say the word burn,4
OAF_angry/OAF_south_angry.wav,say the word south,0
YAF_disgust/YAF_room_disgust.wav,say the word room,1
OAF_neutral/OAF_read_neutral.wav,say the word read,4
YAF_neutral/YAF_dog_neutral.wav,say the word dog,4
OAF_Fear/OAF_cab_fear.wav,say the word cab,2
OAF_Sad/OAF_burn_sad.wav,say the word burn,6
YAF_happy/YAF_team_happy.wav,say the word team,3
YAF_pleasant_surprised/YAF_live_ps.wav,say the word live,5
OAF_Fear/OAF_back_fear.wav,say the word back,2
YAF_pleasant_surprised/YAF_perch_ps.wav,say the word perch,5
OAF_Sad/OAF_merge_sad.wav,say the word merge,6
OAF_angry/OAF_void_angry.wav,say the word void,0
YAF_sad/YAF_ton_sad.wav,say the word ton,6
YAF_neutral/YAF_search_neutral.wav,say the word search,4
OAF_Pleasant_surprise/OAF_limb_ps.wav,say the word limb,5
OAF_angry/OAF_sour_angry.wav,say the word sour,0
OAF_Pleasant_surprise/OAF_mop_ps.wav,say the word mop,5
OAF_Fear/OAF_raid_fear.wav,say the word raid,2
YAF_angry/YAF_rough_angry.wav,say the word rough,0
OAF_Sad/OAF_page_sad.wav,say the word page,6
OAF_happy/OAF_gas_happy.wav,say the word gas,3
OAF_Sad/OAF_hurl_sad.wav,say the word hurl,6
YAF_disgust/YAF_team_disgust.wav,say the word team,1
YAF_disgust/YAF_bone_disgust.wav,say the word bone,1
OAF_Sad/OAF_shall_sad.wav,say the word shall,6
OAF_happy/OAF_good_happy.wav,say the word good,3
YAF_happy/YAF_yes_happy.wav,say the word yes,3
YAF_pleasant_surprised/YAF_tape_ps.wav,say the word tape,5
OAF_Sad/OAF_vote_sad.wav,say the word vote,6
YAF_sad/YAF_bean_sad.wav,say the word bean,6
OAF_Pleasant_surprise/OAF_date_ps.wav,say the word date,5
YAF_disgust/YAF_check_disgust.wav,say the word check,1
OAF_Sad/OAF_whip_sad.wav,say the word whip,6
OAF_Pleasant_surprise/OAF_shack_ps.wav,say the word shack,5
OAF_neutral/OAF_sell_neutral.wav,say the word sell,4
OAF_happy/OAF_mob_happy.wav,say the word mob,3
YAF_sad/YAF_bite_sad.wav,say the word bite,6
YAF_fear/YAF_shawl_fear.wav,say the word shawl,2
OAF_Fear/OAF_limb_fear.wav,say the word limb,2
OAF_angry/OAF_rag_angry.wav,say the word rag,0
YAF_happy/YAF_door_happy.wav,say the word door,3
YAF_neutral/YAF_witch_neutral.wav,say the word witch,4
OAF_disgust/OAF_hush_disgust.wav,say the word hush,1
YAF_happy/YAF_wife_happy.wav,say the word wife,3
OAF_happy/OAF_seize_happy.wav,say the word seize,3
YAF_pleasant_surprised/YAF_said_ps.wav,say the word said,5
OAF_Pleasant_surprise/OAF_wag_ps.wav,say the word wag,5
YAF_neutral/YAF_mood_neutral.wav,say the word mood,4
YAF_pleasant_surprised/YAF_hate_ps.wav,say the word hate,5
OAF_disgust/OAF_sheep_disgust.wav,say the word sheep,1
YAF_angry/YAF_ditch_angry.wav,say the word ditch,0
OAF_happy/OAF_size_happy.wav,say the word size,3
OAF_angry/OAF_mop_angry.wav,say the word mop,0
OAF_disgust/OAF_kill_disgust.wav,say the word kill,1
OAF_happy/OAF_voice_happy.wav,say the word voice,3
OAF_neutral/OAF_puff_neutral.wav,say the word puff,4
OAF_disgust/OAF_goose_disgust.wav,say the word goose,1
YAF_neutral/YAF_thought_neutral.wav,say the word thought,4
OAF_happy/OAF_sheep_happy.wav,say the word sheep,3
YAF_pleasant_surprised/YAF_lot_ps.wav,say the word lot,5
OAF_angry/OAF_gun_angry.wav,say the word gun,0
OAF_angry/OAF_juice_angry.wav,say the word juice,0
OAF_Fear/OAF_pain_fear.wav,say the word pain,2
OAF_neutral/OAF_pad_neutral.wav,say the word pad,4
OAF_disgust/OAF_rag_disgust.wav,say the word rag,1
OAF_Sad/OAF_thumb_sad.wav,say the word thumb,6
YAF_disgust/YAF_calm_disgust.wav,say the word calm,1
OAF_neutral/OAF_witch_neutral.wav,say the word witch,4
OAF_happy/OAF_gin_happy.wav,say the word gin,3
YAF_fear/YAF_rot_fear.wav,say the word rot,2
OAF_angry/OAF_read_angry.wav,say the word read,0
OAF_disgust/OAF_haze_disgust.wav,say the word haze,1
OAF_Fear/OAF_talk_fear.wav,say the word talk,2
OAF_angry/OAF_gaze_angry.wav,say the word gaze,0
YAF_disgust/YAF_limb_disgust.wav,say the word limb,1
OAF_disgust/OAF_take_disgust.wav,say the word take,1
OAF_angry/OAF_calm_angry.wav,say the word calm,0
OAF_Sad/OAF_sell_sad.wav,say the word sell,6
YAF_fear/YAF_loaf_fear.wav,say the word loaf,2
YAF_happy/YAF_dodge_happy.wav,say the word dodge,3
YAF_angry/YAF_germ_angry.wav,say the word germ,0
OAF_Pleasant_surprise/OAF_germ_ps.wav,say the word germ,5
OAF_angry/OAF_fall_angry.wav,say the word fall,0
YAF_sad/YAF_cool_sad.wav,say the word cool,6
YAF_disgust/YAF_cool_disgust.wav,say the word cool,1
YAF_happy/YAF_rat_happy.wav,say the word rat,3
YAF_disgust/YAF_young_disgust.wav,say the word young,1
OAF_Fear/OAF_jug_fear.wav,say the word jug,2
YAF_pleasant_surprised/YAF_make_ps.wav,say the word make,5
OAF_Sad/OAF_mess_sad.wav,say the word mess,6
OAF_Pleasant_surprise/OAF_learn_ps.wav,say the word learn,5
OAF_disgust/OAF_make_disgust.wav,say the word make,1
YAF_sad/YAF_gun_sad.wav,say the word gun,6
OAF_disgust/OAF_ton_disgust.wav,say the word ton,1
OAF_happy/OAF_hash_happy.wav,say the word hash,3
OAF_Sad/OAF_take_sad.wav,say the word take,6
OAF_Pleasant_surprise/OAF_peg_ps.wav,say the word peg,5
YAF_happy/YAF_reach_happy.wav,say the word reach,3
OAF_happy/OAF_pad_happy.wav,say the word pad,3
OAF_Sad/OAF_home_sad.wav,say the word home,6
YAF_angry/YAF_pike_angry.wav,say the word pike,0
OAF_Pleasant_surprise/OAF_neat_ps.wav,say the word neat,5
OAF_happy/OAF_bone_happy.wav,say the word bone,3
YAF_disgust/YAF_hash_disgust.wav,say the word hash,1
YAF_sad/YAF_thumb_sad.wav,say the word thumb,6
OAF_disgust/OAF_half_disgust.wav,say the word half,1
OAF_disgust/OAF_sour_disgust.wav,say the word sour,1
YAF_sad/YAF_juice_sad.wav,say the word juice,6
OAF_Pleasant_surprise/OAF_cab_ps.wav,say the word cab,5
YAF_disgust/YAF_shout_disgust.wav,say the word shout,1
YAF_neutral/YAF_goal_neutral.wav,say the word goal,4
OAF_happy/OAF_mess_happy.wav,say the word mess,3
YAF_happy/YAF_search_happy.wav,say the word search,3
OAF_neutral/OAF_perch_neutral.wav,say the word perch,4
OAF_neutral/OAF_vote_neutral.wav,say the word vote,4
OAF_disgust/OAF_date_disgust.wav,say the word date,1
OAF_angry/OAF_name_angry.wav,say the word name,0
YAF_disgust/YAF_such_disgust.wav,say the word such,1
YAF_pleasant_surprised/YAF_should_ps.wav,say the word should,5
YAF_disgust/YAF_should_disgust.wav,say the word should,1
OAF_Fear/OAF_voice_fear.wav,say the word voice,2
YAF_neutral/YAF_mob_neutral.wav,say the word mob,4
OAF_neutral/OAF_nice_neutral.wav,say the word nice,4
OAF_happy/OAF_get_happy.wav,say the word get,3
YAF_fear/YAF_long_fear.wav,say the word long,2
OAF_happy/OAF_life_happy.wav,say the word life,3
OAF_angry/OAF_hash_angry.wav,say the word hash,0
YAF_neutral/YAF_tape_neutral.wav,say the word tape,4
YAF_disgust/YAF_wheat_disgust.wav,say the word wheat,1
YAF_neutral/YAF_match_neutral.wav,say the word match,4
OAF_disgust/OAF_doll_disgust.wav,say the word doll,1
YAF_sad/YAF_gaze_sad.wav,say the word gaze,6
OAF_disgust/OAF_size_disgust.wav,say the word size,1
YAF_neutral/YAF_late_neutral.wav,say the word late,4
OAF_happy/OAF_youth_happy.wav,say the word youth,3
OAF_disgust/OAF_tire_disgust.wav,say the word tire,1
YAF_disgust/YAF_bite_disgust.wav,say the word bite,1
YAF_pleasant_surprised/YAF_bite_ps.wav,say the word bite,5
OAF_Sad/OAF_hole_sad.wav,say the word hole,6
YAF_angry/YAF_make_angry.wav,say the word make,0
YAF_fear/YAF_raid_fear.wav,say the word raid,2
OAF_disgust/OAF_pad_disgust.wav,say the word pad,1
YAF_angry/YAF_whip_angry.wav,say the word whip,0
YAF_angry/YAF_keen_angry.wav,say the word keen,0
OAF_Fear/OAF_third_fear.wav,say the word third,2
YAF_happy/YAF_join_happy.wav,say the word join,3
YAF_fear/YAF_pick_fear.wav,say the word pick,2
OAF_neutral/OAF_chalk_neutral.wav,say the word chalk,4
OAF_Fear/OAF_came_fear.wav,say the word came,2
YAF_neutral/YAF_which_neutral.wav,say the word which,4
OAF_Sad/OAF_laud_sad.wav,say the word laud,6
OAF_Fear/OAF_lot_fear.wav,say the word lot,2
YAF_pleasant_surprised/YAF_hurl_ps.wav,say the word hurl,5
YAF_angry/YAF_shack_angry.wav,say the word shack,0
YAF_angry/YAF_bone_angry.wav,say the word bone,0
OAF_Fear/OAF_said_fear.wav,say the word said,2
YAF_neutral/YAF_limb_neutral.wav,say the word limb,4
YAF_fear/YAF_keen_fear.wav,say the word keen,2
OAF_disgust/OAF_raid_disgust.wav,say the word raid,1
OAF_angry/OAF_laud_angry.wav,say the word laud,0
YAF_disgust/YAF_white_disgust.wav,say the word white,1
OAF_Sad/OAF_south_sad.wav,say the word south,6
OAF_happy/OAF_wire_happy.wav,say the word wire,3
YAF_angry/YAF_keep_angry.wav,say the word keep,0
OAF_Sad/OAF_hit_sad.wav,say the word hit,6
OAF_neutral/OAF_raise_neutral.wav,say the word raise,4
YAF_pleasant_surprised/YAF_kick_ps.wav,say the word kick,5
OAF_Fear/OAF_ripe_fear.wav,say the word ripe,2
OAF_happy/OAF_when_happy.wav,say the word when,3
YAF_sad/YAF_gin_sad.wav,say the word gin,6
OAF_Fear/OAF_learn_fear.wav,say the word learn,2
YAF_neutral/YAF_such_neutral.wav,say the word such,4
YAF_pleasant_surprised/YAF_ripe_ps.wav,say the word ripe,5
OAF_neutral/OAF_thumb_neutral.wav,say the word thumb,4
YAF_sad/YAF_back_sad.wav,say the word back,6
YAF_disgust/YAF_thumb_disgust.wav,say the word thumb,1
OAF_angry/OAF_witch_angry.wav,say the word witch,0
YAF_angry/YAF_doll_angry.wav,say the word doll,0
OAF_Pleasant_surprise/OAF_deep_ps.wav,say the word deep,5
YAF_neutral/YAF_tool_neutral.wav,say the word tool,4
OAF_neutral/OAF_chain_neutral.wav,say the word chain,4
OAF_happy/OAF_wife_happy.wav,say the word wife,3
YAF_disgust/YAF_rush_disgust.wav,say the word rush,1
OAF_neutral/OAF_mouse_neutral.wav,say the word mouse,4
YAF_fear/YAF_should_fear.wav,say the word should,2
YAF_disgust/YAF_germ_disgust.wav,say the word germ,1
YAF_neutral/YAF_hush_neutral.wav,say the word hush,4
OAF_happy/OAF_chain_happy.wav,say the word chain,3
YAF_pleasant_surprised/YAF_fat_ps.wav,say the word fat,5
YAF_disgust/YAF_doll_disgust.wav,say the word doll,1
OAF_happy/OAF_talk_happy.wav,say the word talk,3
YAF_happy/YAF_soap_happy.wav,say the word soap,3
YAF_angry/YAF_mouse_angry.wav,say the word mouse,0
YAF_neutral/YAF_lid_neutral.wav,say the word lid,4
YAF_sad/YAF_said_sad.wav,say the word said,6
OAF_Sad/OAF_food_sad.wav,say the word food,6
YAF_happy/YAF_fit_happy.wav,say the word fit,3
OAF_disgust/OAF_mob_disgust.wav,say the word mob,1
YAF_neutral/YAF_ring_neutral.wav,say the word ring,4
OAF_Fear/OAF_fail_fear.wav,say the word fail,2
OAF_happy/OAF_sail_happy.wav,say the word sail,3
YAF_disgust/YAF_five_disgust.wav,say the word five,1
OAF_Fear/OAF_sail_fear.wav,say the word sail,2
OAF_Fear/OAF_jar_fear.wav,say the word jar,2
OAF_neutral/OAF_wheat_neutral.wav,say the word wheat,4
YAF_happy/YAF_rush_happy.wav,say the word rush,3
YAF_sad/YAF_peg_sad.wav,say the word peg,6
YAF_fear/YAF_dime_fear.wav,say the word dime,2
YAF_pleasant_surprised/YAF_lean_ps.wav,say the word lean,5
OAF_neutral/OAF_hush_neutral.wav,say the word hush,4
YAF_pleasant_surprised/YAF_door_ps.wav,say the word door,5
OAF_neutral/OAF_whip_neutral.wav,say the word whip,4
YAF_happy/YAF_rag_happy.wav,say the word rag,3
YAF_sad/YAF_mess_sad.wav,say the word mess,6
YAF_neutral/YAF_rain_neutral.wav,say the word rain,4
OAF_happy/OAF_germ_happy.wav,say the word germ,3
YAF_pleasant_surprised/YAF_keep_ps.wav,say the word keep,5
YAF_fear/YAF_sub_fear.wav,say the word sub,2
YAF_pleasant_surprised/YAF_sub_ps.wav,say the word sub,5
YAF_pleasant_surprised/YAF_jug_ps.wav,say the word jug,5
OAF_neutral/OAF_lease_neutral.wav,say the word lease,4
YAF_fear/YAF_sell_fear.wav,say the word sell,2
OAF_neutral/OAF_bath_neutral.wav,say the word bath,4
YAF_happy/YAF_choice_happy.wav,say the word choice,3
YAF_sad/YAF_shirt_sad.wav,say the word shirt,6
YAF_fear/YAF_mode_fear.wav,say the word mode,2
OAF_Pleasant_surprise/OAF_half_ps.wav,say the word half,5
OAF_disgust/OAF_keen_disgust.wav,say the word keen,1
OAF_neutral/OAF_size_neutral.wav,say the word size,4
YAF_happy/YAF_numb_happy.wav,say the word numb,3
OAF_neutral/OAF_young_neutral.wav,say the word young,4
YAF_sad/YAF_dab_sad.wav,say the word dab,6
OAF_Pleasant_surprise/OAF_join_ps.wav,say the word join,5
OAF_angry/OAF_tool_angry.wav,say the word tool,0
YAF_pleasant_surprised/YAF_rat_ps.wav,say the word rat,5
OAF_Pleasant_surprise/OAF_tell_ps.wav,say the word tell,5
YAF_pleasant_surprised/YAF_fall_ps.wav,say the word fall,5
OAF_Fear/OAF_cheek_fear.wav,say the word cheek,2
YAF_angry/YAF_hole_angry.wav,say the word hole,0
OAF_disgust/OAF_when_disgust.wav,say the word when,1
OAF_disgust/OAF_time_disgust.wav,say the word time,1
YAF_fear/YAF_third_fear.wav,say the word third,2
YAF_disgust/YAF_rag_disgust.wav,say the word rag,1
OAF_Sad/OAF_thin_sad.wav,say the word thin,6
YAF_sad/YAF_seize_sad.wav,say the word seize,6
OAF_happy/OAF_thumb_happy.wav,say the word thumb,3
OAF_neutral/OAF_loaf_neutral.wav,say the word loaf,4
YAF_pleasant_surprised/YAF_goal_ps.wav,say the word goal,5
OAF_neutral/OAF_wife_neutral.wav,say the word wife,4
OAF_disgust/OAF_hash_disgust.wav,say the word hash,1
YAF_disgust/YAF_peg_disgust.wav,say the word peg,1
YAF_angry/YAF_lose_angry.wav,say the word lose,0
YAF_disgust/YAF_boat_disgust.wav,say the word boat,1
OAF_Sad/OAF_wheat_sad.wav,say the word wheat,6
YAF_fear/YAF_thin_fear.wav,say the word thin,2
YAF_happy/YAF_shall_happy.wav,say the word shall,3
YAF_fear/YAF_laud_fear.wav,say the word laud,2
OAF_Fear/OAF_rush_fear.wav,say the word rush,2
YAF_pleasant_surprised/YAF_tough_ps.wav,say the word tough,5
OAF_disgust/OAF_shall_disgust.wav,say the word shall,1
YAF_fear/YAF_calm_fear.wav,say the word calm,2
YAF_happy/YAF_ripe_happy.wav,say the word ripe,3
YAF_pleasant_surprised/YAF_kill_ps.wav,say the word kill,5
YAF_angry/YAF_numb_angry.wav,say the word numb,0
YAF_angry/YAF_fat_angry.wav,say the word fat,0
OAF_happy/OAF_base_happy.wav,say the word base,3
OAF_Sad/OAF_cheek_sad.wav,say the word cheek,6
OAF_neutral/OAF_cool_neutral.wav,say the word cool,4
OAF_happy/OAF_peg_happy.wav,say the word peg,3
YAF_happy/YAF_said_happy.wav,say the word said,3
OAF_Fear/OAF_wash_fear.wav,say the word wash,2
YAF_sad/YAF_choice_sad.wav,say the word choice,6
YAF_disgust/YAF_sell_disgust.wav,say the word sell,1
OAF_Sad/OAF_ditch_sad.wav,say the word ditch,6
YAF_neutral/YAF_calm_neutral.wav,say the word calm,4
YAF_happy/YAF_tough_happy.wav,say the word tough,3
YAF_fear/YAF_hush_fear.wav,say the word hush,2
OAF_happy/OAF_such_happy.wav,say the word such,3
OAF_happy/OAF_fail_happy.wav,say the word fail,3
OAF_angry/OAF_chalk_angry.wav,say the word chalk,0
YAF_neutral/YAF_book_neutral.wav,say the word book,4
YAF_pleasant_surprised/YAF_haze_ps.wav,say the word haze,5
OAF_happy/OAF_cheek_happy.wav,say the word cheek,3
YAF_pleasant_surprised/YAF_white_ps.wav,say the word white,5
OAF_disgust/OAF_raise_disgust.wav,say the word raise,1
YAF_angry/YAF_tire_angry.wav,say the word tire,0
OAF_Sad/OAF_live_sad.wav,say the word live,6
OAF_Pleasant_surprise/OAF_yearn_ps.wav,say the word yearn,5
YAF_sad/YAF_goal_sad.wav,say the word goal,6
OAF_happy/OAF_have_happy.wav,say the word have,3
YAF_angry/YAF_near_angry.wav,say the word near,0
YAF_fear/YAF_thumb_fear.wav,say the word thumb,2
YAF_happy/YAF_chief_happy.wav,say the word chief,3
YAF_happy/YAF_dead_happy.wav,say the word dead,3
YAF_disgust/YAF_near_disgust.wav,say the word near,1
YAF_happy/YAF_walk_happy.wav,say the word walk,3
YAF_pleasant_surprised/YAF_beg_ps.wav,say the word beg,5
YAF_neutral/YAF_lean_neutral.wav,say the word lean,4
YAF_angry/YAF_gun_angry.wav,say the word gun,0
OAF_Fear/OAF_numb_fear.wav,say the word numb,2
OAF_neutral/OAF_doll_neutral.wav,say the word doll,4
YAF_sad/YAF_phone_sad.wav,say the word phone,6
YAF_happy/YAF_shirt_happy.wav,say the word shirt,3
OAF_neutral/OAF_burn_neutral.wav,say the word burn,4
YAF_fear/YAF_gin_fear.wav,say the word gin,2
OAF_disgust/OAF_seize_disgust.wav,say the word seize,1
OAF_happy/OAF_learn_happy.wav,say the word learn,3
OAF_Fear/OAF_rot_fear.wav,say the word rot,2
YAF_disgust/YAF_mode_disgust.wav,say the word mode,1
OAF_happy/OAF_red_happy.wav,say the word red,3
YAF_fear/YAF_wag_fear.wav,say the word wag,2
OAF_happy/OAF_chair_happy.wav,say the word chair,3
YAF_disgust/YAF_sour_disgust.wav,say the word sour,1
OAF_neutral/OAF_ripe_neutral.wav,say the word ripe,4
OAF_happy/OAF_date_happy.wav,say the word date,3
YAF_fear/YAF_judge_fear.wav,say the word judge,2
YAF_angry/YAF_mess_angry.wav,say the word mess,0
YAF_neutral/YAF_rot_neutral.wav,say the word rot,4
OAF_disgust/OAF_juice_disgust.wav,say the word juice,1
OAF_angry/OAF_vote_angry.wav,say the word vote,0
OAF_angry/OAF_hush_angry.wav,say the word hush,0
YAF_neutral/YAF_pass_neutral.wav,say the word pass,4
YAF_pleasant_surprised/YAF_fail_ps.wav,say the word fail,5
OAF_disgust/OAF_kite_disgust.wav,say the word kite,1
YAF_pleasant_surprised/YAF_home_ps.wav,say the word home,5
OAF_Pleasant_surprise/OAF_pick_ps.wav,say the word pick,5
YAF_pleasant_surprised/YAF_sheep_ps.wav,say the word sheep,5
YAF_angry/YAF_wife_angry.wav,say the word wife,0
YAF_pleasant_surprised/YAF_yearn_ps.wav,say the word yearn,5
YAF_sad/YAF_dead_sad.wav,say the word dead,6
OAF_Sad/OAF_learn_sad.wav,say the word learn,6
OAF_disgust/OAF_back_disgust.wav,say the word back,1
YAF_happy/YAF_burn_happy.wav,say the word burn,3
YAF_sad/YAF_perch_sad.wav,say the word perch,6
OAF_angry/OAF_third_angry.wav,say the word third,0
OAF_Sad/OAF_fail_sad.wav,say the word fail,6
OAF_neutral/OAF_shirt_neutral.wav,say the word shirt,4
YAF_pleasant_surprised/YAF_good_ps.wav,say the word good,5
OAF_neutral/OAF_late_neutral.wav,say the word late,4
OAF_Pleasant_surprise/OAF_have_ps.wav,say the word have,5
YAF_neutral/YAF_said_neutral.wav,say the word said,4
OAF_disgust/OAF_shout_disgust.wav,say the word shout,1
OAF_Sad/OAF_gaze_sad.wav,say the word gaze,6
OAF_neutral/OAF_walk_neutral.wav,say the word walk,4
OAF_Pleasant_surprise/OAF_hit_ps.wav,say the word hit,5
YAF_fear/YAF_hole_fear.wav,say the word hole,2
YAF_neutral/YAF_came_neutral.wav,say the word came,4
OAF_Sad/OAF_keen_sad.wav,say the word keen,6
YAF_fear/YAF_dead_fear.wav,say the word dead,2
YAF_neutral/YAF_raid_neutral.wav,say the word raid,4
OAF_disgust/OAF_which_disgust.wav,say the word which,1
OAF_angry/OAF_seize_angry.wav,say the word seize,0
YAF_pleasant_surprised/YAF_have_ps.wav,say the word have,5
OAF_Pleasant_surprise/OAF_mob_ps.wav,say the word mob,5
OAF_happy/OAF_late_happy.wav,say the word late,3
YAF_angry/YAF_keg_angry.wav,say the word keg,0
YAF_fear/YAF_lot_fear.wav,say the word lot,2
OAF_angry/OAF_check_angry.wav,say the word check,0
OAF_Pleasant_surprise/OAF_tip_ps.wav,say the word tip,5
OAF_Pleasant_surprise/OAF_dab_ps.wav,say the word dab,5
OAF_angry/OAF_voice_angry.wav,say the word voice,0
YAF_neutral/YAF_make_neutral.wav,say the word make,4
OAF_Sad/OAF_talk_sad.wav,say the word talk,6
OAF_Pleasant_surprise/OAF_merge_ps.wav,say the word merge,5
YAF_fear/YAF_south_fear.wav,say the word south,2
YAF_sad/YAF_have_sad.wav,say the word have,6
OAF_Sad/OAF_near_sad.wav,say the word near,6
YAF_angry/YAF_mop_angry.wav,say the word mop,0
OAF_Fear/OAF_ditch_fear.wav,say the word ditch,2
OAF_angry/OAF_bite_angry.wav,say the word bite,0
OAF_neutral/OAF_dead_neutral.wav,say the word dead,4
YAF_pleasant_surprised/YAF_shirt_ps.wav,say the word shirt,5
OAF_happy/OAF_puff_happy.wav,say the word puff,3
OAF_neutral/OAF_sub_neutral.wav,say the word sub,4
YAF_angry/YAF_chalk_angry.wav,say the word chalk,0
OAF_neutral/OAF_week_neutral.wav,say the word week,4
YAF_fear/YAF_hurl_fear.wav,say the word hurl,2
OAF_Pleasant_surprise/OAF_time_ps.wav,say the word time,5
OAF_Pleasant_surprise/OAF_thumb_ps.wav,say the word thumb,5
YAF_sad/YAF_mood_sad.wav,say the word mood,6
YAF_pleasant_surprised/YAF_bean_ps.wav,say the word bean,5
YAF_sad/YAF_vote_sad.wav,say the word vote,6
YAF_fear/YAF_lore_fear.wav,say the word lore,2
YAF_fear/YAF_five_fear.wav,say the word five,2
OAF_neutral/OAF_phone_neutral.wav,say the word phone,4
OAF_angry/OAF_thin_angry.wav,say the word thin,0
OAF_Sad/OAF_reach_sad.wav,say the word reach,6
YAF_happy/YAF_talk_happy.wav,say the word talk,3
OAF_Fear/OAF_fit_fear.wav,say the word fit,2
YAF_angry/YAF_wheat_angry.wav,say the word wheat,0
OAF_Sad/OAF_ring_sad.wav,say the word ring,6
YAF_happy/YAF_check_happy.wav,say the word check,3
OAF_Pleasant_surprise/OAF_chalk_ps.wav,say the word chalk,5
OAF_Pleasant_surprise/OAF_thought_ps.wav,say the word thought,5
OAF_neutral/OAF_rat_neutral.wav,say the word rat,4
OAF_neutral/OAF_pike_neutral.wav,say the word pike,4
YAF_sad/YAF_witch_sad.wav,say the word witch,6
YAF_fear/YAF_hit_fear.wav,say the word hit,2
OAF_Sad/OAF_mode_sad.wav,say the word mode,6
OAF_disgust/OAF_met_disgust.wav,say the word met,1
OAF_Fear/OAF_goose_fear.wav,say the word goose,2
OAF_angry/OAF_road_angry.wav,say the word road,0
YAF_neutral/YAF_wag_neutral.wav,say the word wag,4
OAF_disgust/OAF_keg_disgust.wav,say the word keg,1
YAF_happy/YAF_bone_happy.wav,say the word bone,3
YAF_angry/YAF_rain_angry.wav,say the word rain,0
OAF_Pleasant_surprise/OAF_lid_ps.wav,say the word lid,5
OAF_Fear/OAF_long_fear.wav,say the word long,2
YAF_sad/YAF_south_sad.wav,say the word south,6
OAF_disgust/OAF_good_disgust.wav,say the word good,1
OAF_angry/OAF_near_angry.wav,say the word near,0
OAF_happy/OAF_tough_happy.wav,say the word tough,3
OAF_neutral/OAF_beg_neutral.wav,say the word beg,4
YAF_disgust/YAF_time_disgust.wav,say the word time,1
OAF_Fear/OAF_check_fear.wav,say the word check,2
OAF_Pleasant_surprise/OAF_third_ps.wav,say the word third,5
OAF_Fear/OAF_wife_fear.wav,say the word wife,2
YAF_disgust/YAF_far_disgust.wav,say the word far,1
OAF_disgust/OAF_vote_disgust.wav,say the word vote,1
OAF_happy/OAF_bought_happy.wav,say the word bought,3
OAF_Sad/OAF_tape_sad.wav,say the word tape,6
OAF_Sad/OAF_far_sad.wav,say the word far,6
OAF_happy/OAF_doll_happy.wav,say the word doll,3
YAF_sad/YAF_shack_sad.wav,say the word shack,6
YAF_happy/YAF_witch_happy.wav,say the word witch,3
YAF_disgust/YAF_which_disgust.wav,say the word which,1
OAF_Fear/OAF_time_fear.wav,say the word time,2
OAF_Sad/OAF_thought_sad.wav,say the word thought,6
OAF_disgust/OAF_voice_disgust.wav,say the word voice,1
YAF_sad/YAF_ring_sad.wav,say the word ring,6
YAF_fear/YAF_mess_fear.wav,say the word mess,2
OAF_angry/OAF_far_angry.wav,say the word far,0
YAF_fear/YAF_hall_fear.wav,say the word hall,2
OAF_Pleasant_surprise/OAF_pad_ps.wav,say the word pad,5
YAF_sad/YAF_voice_sad.wav,say the word voice,6
OAF_happy/OAF_hall_happy.wav,say the word hall,3
OAF_disgust/OAF_chat_disgust.wav,say the word chat,1
YAF_happy/YAF_soup_happy.wav,say the word soup,3
YAF_happy/YAF_tool_happy.wav,say the word tool,3
OAF_Sad/OAF_late_sad.wav,say the word late,6
YAF_neutral/YAF_pad_neutral.wav,say the word pad,4
OAF_Sad/OAF_soup_sad.wav,say the word soup,6
YAF_neutral/YAF_vote_neutral.wav,say the word vote,4
OAF_Pleasant_surprise/OAF_ditch_ps.wav,say the word ditch,5
OAF_angry/OAF_hurl_angry.wav,say the word hurl,0
OAF_happy/OAF_kite_happy.wav,say the word kite,3
YAF_angry/YAF_shout_angry.wav,say the word shout,0
YAF_happy/YAF_such_happy.wav,say the word such,3
YAF_happy/YAF_whip_happy.wav,say the word whip,3
OAF_angry/OAF_good_angry.wav,say the word good,0
OAF_angry/OAF_cool_angry.wav,say the word cool,0
YAF_sad/YAF_check_sad.wav,say the word check,6
YAF_fear/YAF_dip_fear.wav,say the word dip,2
OAF_disgust/OAF_lean_disgust.wav,say the word lean,1
OAF_neutral/OAF_hall_neutral.wav,say the word hall,4
OAF_Sad/OAF_cause_sad.wav,say the word cause,6
YAF_happy/YAF_half_happy.wav,say the word half,3
OAF_Sad/OAF_pass_sad.wav,say the word pass,6
YAF_sad/YAF_fail_sad.wav,say the word fail,6
OAF_Pleasant_surprise/OAF_nice_ps.wav,say the word nice,5
YAF_happy/YAF_mouse_happy.wav,say the word mouse,3
OAF_angry/OAF_whip_angry.wav,say the word whip,0
OAF_happy/OAF_mood_happy.wav,say the word mood,3
YAF_angry/YAF_read_angry.wav,say the word read,0
YAF_disgust/YAF_chief_disgust.wav,say the word chief,1
OAF_Sad/OAF_red_sad.wav,say the word red,6
YAF_happy/YAF_nag_happy.wav,say the word nag,3
YAF_pleasant_surprised/YAF_nice_ps.wav,say the word nice,5
OAF_Fear/OAF_sub_fear.wav,say the word sub,2
YAF_happy/YAF_gas_happy.wav,say the word gas,3
OAF_Fear/OAF_page_fear.wav,say the word page,2
OAF_Sad/OAF_kill_sad.wav,say the word kill,6
YAF_neutral/YAF_hire_neutral.wav,say the word hire,4
YAF_neutral/YAF_judge_neutral.wav,say the word judge,4
YAF_neutral/YAF_doll_neutral.wav,say the word doll,4
YAF_fear/YAF_read_fear.wav,say the word read,2
OAF_disgust/OAF_jug_disgust.wav,say the word jug,1
YAF_angry/YAF_laud_angry.wav,say the word laud,0
YAF_angry/YAF_have_angry.wav,say the word have,0
YAF_neutral/YAF_lore_neutral.wav,say the word lore,4
YAF_happy/YAF_pick_happy.wav,say the word pick,3
OAF_disgust/OAF_chief_disgust.wav,say the word chief,1
YAF_fear/YAF_soup_fear.wav,say the word soup,2
OAF_Pleasant_surprise/OAF_walk_ps.wav,say the word walk,5
OAF_neutral/OAF_yearn_neutral.wav,say the word yearn,4
OAF_Fear/OAF_mood_fear.wav,say the word mood,2
YAF_pleasant_surprised/YAF_room_ps.wav,say the word room,5
YAF_pleasant_surprised/YAF_judge_ps.wav,say the word judge,5
YAF_neutral/YAF_back_neutral.wav,say the word back,4
YAF_sad/YAF_white_sad.wav,say the word white,6
OAF_Sad/OAF_lease_sad.wav,say the word lease,6
OAF_Sad/OAF_death_sad.wav,say the word death,6
OAF_Sad/OAF_kick_sad.wav,say the word kick,6
YAF_sad/YAF_raid_sad.wav,say the word raid,6
OAF_neutral/OAF_learn_neutral.wav,say the word learn,4
YAF_sad/YAF_when_sad.wav,say the word when,6
OAF_disgust/OAF_deep_disgust.wav,say the word deep,1
YAF_fear/YAF_ripe_fear.wav,say the word ripe,2
OAF_angry/OAF_judge_angry.wav,say the word judge,0
OAF_neutral/OAF_have_neutral.wav,say the word have,4
YAF_happy/YAF_cause_happy.wav,say the word cause,3
OAF_happy/OAF_rush_happy.wav,say the word rush,3
OAF_Sad/OAF_wash_sad.wav,say the word wash,6
YAF_neutral/YAF_gas_neutral.wav,say the word gas,4
OAF_happy/OAF_dead_happy.wav,say the word dead,3
YAF_angry/YAF_cab_angry.wav,say the word cab,0
OAF_neutral/OAF_pool_neutral.wav,say the word pool,4
YAF_disgust/YAF_cab_disgust.wav,say the word cab,1
YAF_pleasant_surprised/YAF_hash_ps.wav,say the word hash,5
OAF_angry/OAF_wheat_angry.wav,say the word wheat,0
YAF_angry/YAF_luck_angry.wav,say the word luck,0
OAF_Fear/OAF_phone_fear.wav,say the word phone,2
YAF_disgust/YAF_keg_disgust.wav,say the word keg,1
OAF_angry/OAF_dab_angry.wav,say the word dab,0
YAF_fear/YAF_rose_fear.wav,say the word rose,2
YAF_sad/YAF_fall_sad.wav,say the word fall,6
OAF_Pleasant_surprise/OAF_tough_ps.wav,say the word tough,5
OAF_Sad/OAF_have_sad.wav,say the word have,6
OAF_Sad/OAF_make_sad.wav,say the word make,6
YAF_angry/YAF_shirt_angry.wav,say the word shirt,0
YAF_pleasant_surprised/YAF_choice_ps.wav,say the word choice,5
YAF_pleasant_surprised/YAF_merge_ps.wav,say the word merge,5
OAF_angry/OAF_note_angry.wav,say the word note,0
YAF_pleasant_surprised/YAF_neat_ps.wav,say the word neat,5
OAF_disgust/OAF_rain_disgust.wav,say the word rain,1
OAF_angry/OAF_which_angry.wav,say the word which,0
YAF_fear/YAF_when_fear.wav,say the word when,2
OAF_angry/OAF_rough_angry.wav,say the word rough,0
OAF_Pleasant_surprise/OAF_get_ps.wav,say the word get,5
OAF_neutral/OAF_sour_neutral.wav,say the word sour,4
OAF_happy/OAF_page_happy.wav,say the word page,3
OAF_disgust/OAF_pike_disgust.wav,say the word pike,1
OAF_disgust/OAF_love_disgust.wav,say the word love,1
OAF_neutral/OAF_fail_neutral.wav,say the word fail,4
OAF_happy/OAF_pool_happy.wav,say the word pool,3
YAF_disgust/YAF_sub_disgust.wav,say the word sub,1
YAF_angry/YAF_judge_angry.wav,say the word judge,0
OAF_Sad/OAF_gin_sad.wav,say the word gin,6
OAF_disgust/OAF_said_disgust.wav,say the word said,1
OAF_Pleasant_surprise/OAF_ripe_ps.wav,say the word ripe,5
OAF_Sad/OAF_bought_sad.wav,say the word bought,6
OAF_Fear/OAF_burn_fear.wav,say the word burn,2
OAF_Fear/OAF_shirt_fear.wav,say the word shirt,2
OAF_Sad/OAF_deep_sad.wav,say the word deep,6
OAF_Pleasant_surprise/OAF_moon_ps.wav,say the word moon,5
YAF_neutral/YAF_south_neutral.wav,say the word south,4
YAF_happy/YAF_rose_happy.wav,say the word rose,3
OAF_Pleasant_surprise/OAF_luck_ps.wav,say the word luck,5
OAF_neutral/OAF_date_neutral.wav,say the word date,4
OAF_happy/OAF_fit_happy.wav,say the word fit,3
OAF_neutral/OAF_knock_neutral.wav,say the word knock,4
OAF_Pleasant_surprise/OAF_gas_ps.wav,say the word gas,5
OAF_Sad/OAF_love_sad.wav,say the word love,6
YAF_neutral/YAF_ton_neutral.wav,say the word ton,4
YAF_disgust/YAF_love_disgust.wav,say the word love,1
YAF_disgust/YAF_came_disgust.wav,say the word came,1
OAF_Pleasant_surprise/OAF_pole_ps.wav,say the word pole,5
YAF_pleasant_surprised/YAF_get_ps.wav,say the word get,5
YAF_disgust/YAF_hate_disgust.wav,say the word hate,1
OAF_angry/OAF_mouse_angry.wav,say the word mouse,0
OAF_neutral/OAF_chief_neutral.wav,say the word chief,4
YAF_neutral/YAF_mouse_neutral.wav,say the word mouse,4
YAF_happy/YAF_have_happy.wav,say the word have,3
YAF_sad/YAF_luck_sad.wav,say the word luck,6
YAF_neutral/YAF_goose_neutral.wav,say the word goose,4
OAF_Fear/OAF_knock_fear.wav,say the word knock,2
OAF_neutral/OAF_bean_neutral.wav,say the word bean,4
OAF_happy/OAF_goose_happy.wav,say the word goose,3
YAF_sad/YAF_pain_sad.wav,say the word pain,6
OAF_Sad/OAF_kite_sad.wav,say the word kite,6
OAF_Sad/OAF_half_sad.wav,say the word half,6
YAF_happy/YAF_wire_happy.wav,say the word wire,3
OAF_Fear/OAF_name_fear.wav,say the word name,2
OAF_neutral/OAF_soap_neutral.wav,say the word soap,4
YAF_disgust/YAF_when_disgust.wav,say the word when,1
OAF_happy/OAF_near_happy.wav,say the word near,3
YAF_angry/YAF_learn_angry.wav,say the word learn,0
YAF_fear/YAF_jar_fear.wav,say the word jar,2
OAF_Pleasant_surprise/OAF_burn_ps.wav,say the word burn,5
YAF_disgust/YAF_walk_disgust.wav,say the word walk,1
OAF_neutral/OAF_rag_neutral.wav,say the word rag,4
OAF_Fear/OAF_mop_fear.wav,say the word mop,2
YAF_pleasant_surprised/YAF_chalk_ps.wav,say the word chalk,5
OAF_Pleasant_surprise/OAF_read_ps.wav,say the word read,5
OAF_Pleasant_surprise/OAF_week_ps.wav,say the word week,5
OAF_Sad/OAF_luck_sad.wav,say the word luck,6
OAF_disgust/OAF_bath_disgust.wav,say the word bath,1
YAF_sad/YAF_bought_sad.wav,say the word bought,6
YAF_disgust/YAF_page_disgust.wav,say the word page,1
YAF_angry/YAF_juice_angry.wav,say the word juice,0
YAF_sad/YAF_chalk_sad.wav,say the word chalk,6
OAF_Pleasant_surprise/OAF_near_ps.wav,say the word near,5
YAF_fear/YAF_search_fear.wav,say the word search,2
YAF_happy/YAF_moon_happy.wav,say the word moon,3
OAF_happy/OAF_void_happy.wav,say the word void,3
YAF_angry/YAF_loaf_angry.wav,say the word loaf,0
YAF_neutral/YAF_deep_neutral.wav,say the word deep,4
YAF_sad/YAF_numb_sad.wav,say the word numb,6
OAF_happy/OAF_numb_happy.wav,say the word numb,3
OAF_happy/OAF_dip_happy.wav,say the word dip,3
OAF_Pleasant_surprise/OAF_soap_ps.wav,say the word soap,5
OAF_angry/OAF_cause_angry.wav,say the word cause,0
OAF_disgust/OAF_bean_disgust.wav,say the word bean,1
YAF_neutral/YAF_chief_neutral.wav,say the word chief,4
OAF_Sad/OAF_dab_sad.wav,say the word dab,6
YAF_pleasant_surprised/YAF_keen_ps.wav,say the word keen,5
OAF_Pleasant_surprise/OAF_met_ps.wav,say the word met,5
OAF_happy/OAF_third_happy.wav,say the word third,3
OAF_neutral/OAF_turn_neutral.wav,say the word turn,4
YAF_angry/YAF_team_angry.wav,say the word team,0
YAF_sad/YAF_ripe_sad.wav,say the word ripe,6
OAF_neutral/OAF_kill_neutral.wav,say the word kill,4
YAF_neutral/YAF_walk_neutral.wav,say the word walk,4
YAF_neutral/YAF_loaf_neutral.wav,say the word loaf,4
OAF_Fear/OAF_book_fear.wav,say the word book,2
YAF_angry/YAF_bean_angry.wav,say the word bean,0
OAF_Sad/OAF_tough_sad.wav,say the word tough,6
OAF_Pleasant_surprise/OAF_fail_ps.wav,say the word fail,5
OAF_disgust/OAF_page_disgust.wav,say the word page,1
OAF_happy/OAF_fat_happy.wav,say the word fat,3
YAF_neutral/YAF_lease_neutral.wav,say the word lease,4
YAF_sad/YAF_king_sad.wav,say the word king,6
YAF_neutral/YAF_neat_neutral.wav,say the word neat,4
OAF_angry/OAF_lot_angry.wav,say the word lot,0
OAF_disgust/OAF_life_disgust.wav,say the word life,1
YAF_sad/YAF_tough_sad.wav,say the word tough,6
YAF_happy/YAF_chalk_happy.wav,say the word chalk,3
OAF_angry/OAF_nice_angry.wav,say the word nice,0
YAF_angry/YAF_home_angry.wav,say the word home,0
OAF_neutral/OAF_thin_neutral.wav,say the word thin,4
YAF_disgust/YAF_dead_disgust.wav,say the word dead,1
OAF_Pleasant_surprise/OAF_hire_ps.wav,say the word hire,5
OAF_Pleasant_surprise/OAF_haze_ps.wav,say the word haze,5
YAF_sad/YAF_death_sad.wav,say the word death,6
YAF_sad/YAF_calm_sad.wav,say the word calm,6
OAF_Fear/OAF_deep_fear.wav,say the word deep,2
YAF_disgust/YAF_wag_disgust.wav,say the word wag,1
OAF_Pleasant_surprise/OAF_tire_ps.wav,say the word tire,5
OAF_Fear/OAF_lean_fear.wav,say the word lean,2
OAF_neutral/OAF_void_neutral.wav,say the word void,4
YAF_pleasant_surprised/YAF_gin_ps.wav,say the word gin,5
YAF_neutral/YAF_pike_neutral.wav,say the word pike,4
OAF_Fear/OAF_ring_fear.wav,say the word ring,2
YAF_happy/YAF_pool_happy.wav,say the word pool,3
YAF_disgust/YAF_search_disgust.wav,say the word search,1
OAF_angry/OAF_keep_angry.wav,say the word keep,0
OAF_Fear/OAF_shack_fear.wav,say the word shack,2
YAF_neutral/YAF_dip_neutral.wav,say the word dip,4
YAF_disgust/YAF_door_disgust.wav,say the word door,1
YAF_angry/YAF_pad_angry.wav,say the word pad,0
OAF_angry/OAF_match_angry.wav,say the word match,0
YAF_fear/YAF_mob_fear.wav,say the word mob,2
YAF_sad/YAF_make_sad.wav,say the word make,6
OAF_Fear/OAF_hush_fear.wav,say the word hush,2
YAF_pleasant_surprised/YAF_tip_ps.wav,say the word tip,5
OAF_neutral/OAF_peg_neutral.wav,say the word peg,4
YAF_sad/YAF_yes_sad.wav,say the word yes,6
YAF_pleasant_surprised/YAF_rush_ps.wav,say the word rush,5
OAF_happy/OAF_soap_happy.wav,say the word soap,3
OAF_happy/OAF_dog_happy.wav,say the word dog,3
YAF_sad/YAF_love_sad.wav,say the word love,6
YAF_disgust/YAF_nag_disgust.wav,say the word nag,1
YAF_pleasant_surprised/YAF_dip_ps.wav,say the word dip,5
YAF_pleasant_surprised/YAF_shawl_ps.wav,say the word shawl,5
OAF_Sad/OAF_join_sad.wav,say the word join,6
YAF_disgust/YAF_hire_disgust.wav,say the word hire,1
YAF_disgust/YAF_vote_disgust.wav,say the word vote,1
YAF_disgust/YAF_puff_disgust.wav,say the word puff,1
YAF_pleasant_surprised/YAF_vote_ps.wav,say the word vote,5
OAF_happy/OAF_rot_happy.wav,say the word rot,3
OAF_Sad/OAF_shout_sad.wav,say the word shout,6
YAF_pleasant_surprised/YAF_shack_ps.wav,say the word shack,5
YAF_fear/YAF_home_fear.wav,say the word home,2
OAF_Pleasant_surprise/OAF_lease_ps.wav,say the word lease,5
YAF_pleasant_surprised/YAF_reach_ps.wav,say the word reach,5
OAF_Fear/OAF_fat_fear.wav,say the word fat,2
YAF_disgust/YAF_mood_disgust.wav,say the word mood,1
YAF_happy/YAF_doll_happy.wav,say the word doll,3
YAF_sad/YAF_bone_sad.wav,say the word bone,6
OAF_neutral/OAF_rain_neutral.wav,say the word rain,4
OAF_Sad/OAF_boat_sad.wav,say the word boat,6
OAF_Fear/OAF_half_fear.wav,say the word half,2
OAF_happy/OAF_juice_happy.wav,say the word juice,3
OAF_disgust/OAF_shack_disgust.wav,say the word shack,1
OAF_neutral/OAF_tool_neutral.wav,say the word tool,4
OAF_happy/OAF_haze_happy.wav,say the word haze,3
YAF_sad/YAF_pad_sad.wav,say the word pad,6
OAF_angry/OAF_take_angry.wav,say the word take,0
OAF_Pleasant_surprise/OAF_team_ps.wav,say the word team,5
OAF_Sad/OAF_sail_sad.wav,say the word sail,6
YAF_happy/YAF_book_happy.wav,say the word book,3
YAF_disgust/YAF_long_disgust.wav,say the word long,1
OAF_neutral/OAF_time_neutral.wav,say the word time,4
YAF_happy/YAF_pearl_happy.wav,say the word pearl,3
OAF_Fear/OAF_neat_fear.wav,say the word neat,2
YAF_disgust/YAF_keen_disgust.wav,say the word keen,1
OAF_disgust/OAF_tough_disgust.wav,say the word tough,1
OAF_neutral/OAF_rough_neutral.wav,say the word rough,4
YAF_angry/YAF_check_angry.wav,say the word check,0
OAF_Pleasant_surprise/OAF_wife_ps.wav,say the word wife,5
YAF_happy/YAF_met_happy.wav,say the word met,3
YAF_angry/YAF_void_angry.wav,say the word void,0
YAF_neutral/YAF_sheep_neutral.wav,say the word sheep,4
YAF_neutral/YAF_bath_neutral.wav,say the word bath,4
YAF_angry/YAF_lore_angry.wav,say the word lore,0
YAF_neutral/YAF_sub_neutral.wav,say the word sub,4
OAF_Fear/OAF_merge_fear.wav,say the word merge,2
YAF_sad/YAF_nice_sad.wav,say the word nice,6
OAF_Sad/OAF_doll_sad.wav,say the word doll,6
YAF_sad/YAF_team_sad.wav,say the word team,6
OAF_Sad/OAF_lid_sad.wav,say the word lid,6
YAF_disgust/YAF_yes_disgust.wav,say the word yes,1
YAF_neutral/YAF_dodge_neutral.wav,say the word dodge,4
YAF_happy/YAF_keg_happy.wav,say the word keg,3
OAF_angry/OAF_gap_angry.wav,say the word gap,0
YAF_sad/YAF_wag_sad.wav,say the word wag,6
OAF_Fear/OAF_death_fear.wav,say the word death,2
YAF_pleasant_surprised/YAF_peg_ps.wav,say the word peg,5
OAF_Sad/OAF_hall_sad.wav,say the word hall,6
OAF_neutral/OAF_jar_neutral.wav,say the word jar,4
YAF_disgust/YAF_chalk_disgust.wav,say the word chalk,1
YAF_fear/YAF_burn_fear.wav,say the word burn,2
YAF_neutral/YAF_long_neutral.wav,say the word long,4
OAF_neutral/OAF_base_neutral.wav,say the word base,4
YAF_pleasant_surprised/YAF_cheek_ps.wav,say the word cheek,5
YAF_angry/YAF_nag_angry.wav,say the word nag,0
OAF_disgust/OAF_cab_disgust.wav,say the word cab,1
OAF_Pleasant_surprise/OAF_tool_ps.wav,say the word tool,5
YAF_neutral/YAF_pool_neutral.wav,say the word pool,4
OAF_disgust/OAF_live_disgust.wav,say the word live,1
YAF_angry/YAF_take_angry.wav,say the word take,0
OAF_Fear/OAF_gin_fear.wav,say the word gin,2
YAF_pleasant_surprised/YAF_love_ps.wav,say the word love,5
OAF_disgust/OAF_turn_disgust.wav,say the word turn,1
YAF_pleasant_surprised/YAF_voice_ps.wav,say the word voice,5
YAF_disgust/YAF_burn_disgust.wav,say the word burn,1
YAF_fear/YAF_get_fear.wav,say the word get,2
OAF_Fear/OAF_haze_fear.wav,say the word haze,2
OAF_disgust/OAF_fail_disgust.wav,say the word fail,1
YAF_disgust/YAF_deep_disgust.wav,say the word deep,1
OAF_happy/OAF_yes_happy.wav,say the word yes,3
OAF_happy/OAF_home_happy.wav,say the word home,3
OAF_Sad/OAF_pearl_sad.wav,say the word pearl,6
OAF_neutral/OAF_red_neutral.wav,say the word red,4
OAF_angry/OAF_goal_angry.wav,say the word goal,0
YAF_happy/YAF_gin_happy.wav,say the word gin,3
YAF_fear/YAF_bar_fear.wav,say the word bar,2
OAF_Fear/OAF_thought_fear.wav,say the word thought,2
OAF_Pleasant_surprise/OAF_hurl_ps.wav,say the word hurl,5
OAF_Pleasant_surprise/OAF_road_ps.wav,say the word road,5
YAF_pleasant_surprised/YAF_mood_ps.wav,say the word mood,5
OAF_Fear/OAF_hash_fear.wav,say the word hash,2
OAF_neutral/OAF_take_neutral.wav,say the word take,4
YAF_neutral/YAF_sure_neutral.wav,say the word sure,4
OAF_Sad/OAF_judge_sad.wav,say the word judge,6
YAF_sad/YAF_wash_sad.wav,say the word wash,6
YAF_fear/YAF_chat_fear.wav,say the word chat,2
YAF_fear/YAF_sour_fear.wav,say the word sour,2
OAF_Pleasant_surprise/OAF_ton_ps.wav,say the word ton,5
OAF_angry/OAF_sell_angry.wav,say the word sell,0
OAF_disgust/OAF_far_disgust.wav,say the word far,1
OAF_neutral/OAF_cheek_neutral.wav,say the word cheek,4
YAF_disgust/YAF_perch_disgust.wav,say the word perch,1
OAF_neutral/OAF_tape_neutral.wav,say the word tape,4
OAF_neutral/OAF_name_neutral.wav,say the word name,4
OAF_Pleasant_surprise/OAF_rough_ps.wav,say the word rough,5
OAF_Sad/OAF_keep_sad.wav,say the word keep,6
OAF_Fear/OAF_mode_fear.wav,say the word mode,2
OAF_angry/OAF_sub_angry.wav,say the word sub,0
OAF_Fear/OAF_chat_fear.wav,say the word chat,2
OAF_Sad/OAF_name_sad.wav,say the word name,6
YAF_pleasant_surprised/YAF_calm_ps.wav,say the word calm,5
YAF_pleasant_surprised/YAF_near_ps.wav,say the word near,5
YAF_angry/YAF_week_angry.wav,say the word week,0
YAF_neutral/YAF_base_neutral.wav,say the word base,4
OAF_happy/OAF_read_happy.wav,say the word read,3
YAF_pleasant_surprised/YAF_match_ps.wav,say the word match,5
OAF_Pleasant_surprise/OAF_hole_ps.wav,say the word hole,5
YAF_neutral/YAF_tough_neutral.wav,say the word tough,4
YAF_fear/YAF_chalk_fear.wav,say the word chalk,2
OAF_disgust/OAF_perch_disgust.wav,say the word perch,1
OAF_happy/OAF_loaf_happy.wav,say the word loaf,3
OAF_angry/OAF_merge_angry.wav,say the word merge,0
OAF_neutral/OAF_fat_neutral.wav,say the word fat,4
OAF_Fear/OAF_base_fear.wav,say the word base,2
YAF_disgust/YAF_rough_disgust.wav,say the word rough,1
YAF_angry/YAF_thought_angry.wav,say the word thought,0
OAF_neutral/OAF_jail_neutral.wav,say the word jail,4
OAF_Fear/OAF_keep_fear.wav,say the word keep,2
YAF_disgust/YAF_ditch_disgust.wav,say the word ditch,1
YAF_disgust/YAF_soup_disgust.wav,say the word soup,1
YAF_neutral/YAF_dime_neutral.wav,say the word dime,4
OAF_Pleasant_surprise/OAF_back_ps.wav,say the word back,5
OAF_angry/OAF_gin_angry.wav,say the word gin,0
OAF_angry/OAF_ripe_angry.wav,say the word ripe,0
YAF_pleasant_surprised/YAF_doll_ps.wav,say the word doll,5
YAF_disgust/YAF_book_disgust.wav,say the word book,1
YAF_pleasant_surprised/YAF_rose_ps.wav,say the word rose,5
YAF_neutral/YAF_vine_neutral.wav,say the word vine,4
YAF_pleasant_surprised/YAF_life_ps.wav,say the word life,5
OAF_Sad/OAF_chair_sad.wav,say the word chair,6
YAF_angry/YAF_which_angry.wav,say the word which,0
OAF_disgust/OAF_rough_disgust.wav,say the word rough,1
OAF_disgust/OAF_rat_disgust.wav,say the word rat,1
OAF_Sad/OAF_raise_sad.wav,say the word raise,6
YAF_angry/YAF_date_angry.wav,say the word date,0
YAF_fear/YAF_cause_fear.wav,say the word cause,2
OAF_Sad/OAF_void_sad.wav,say the word void,6
OAF_disgust/OAF_germ_disgust.wav,say the word germ,1
OAF_Sad/OAF_time_sad.wav,say the word time,6
OAF_angry/OAF_limb_angry.wav,say the word limb,0
YAF_pleasant_surprised/YAF_fit_ps.wav,say the word fit,5
YAF_disgust/YAF_kick_disgust.wav,say the word kick,1
YAF_disgust/YAF_south_disgust.wav,say the word south,1
YAF_neutral/YAF_cab_neutral.wav,say the word cab,4
OAF_neutral/OAF_check_neutral.wav,say the word check,4
YAF_disgust/YAF_said_disgust.wav,say the word said,1
YAF_neutral/YAF_keen_neutral.wav,say the word keen,4
OAF_happy/OAF_met_happy.wav,say the word met,3
OAF_happy/OAF_raid_happy.wav,say the word raid,3
OAF_disgust/OAF_hit_disgust.wav,say the word hit,1
YAF_fear/YAF_came_fear.wav,say the word came,2
OAF_disgust/OAF_lease_disgust.wav,say the word lease,1
YAF_happy/YAF_lease_happy.wav,say the word lease,3
YAF_sad/YAF_talk_sad.wav,say the word talk,6
OAF_neutral/OAF_numb_neutral.wav,say the word numb,4
YAF_sad/YAF_jar_sad.wav,say the word jar,6
YAF_neutral/YAF_fat_neutral.wav,say the word fat,4
YAF_happy/YAF_hall_happy.wav,say the word hall,3
OAF_Sad/OAF_team_sad.wav,say the word team,6
OAF_Sad/OAF_mouse_sad.wav,say the word mouse,6
OAF_Pleasant_surprise/OAF_such_ps.wav,say the word such,5
OAF_Pleasant_surprise/OAF_room_ps.wav,say the word room,5
OAF_neutral/OAF_keg_neutral.wav,say the word keg,4
OAF_neutral/OAF_ring_neutral.wav,say the word ring,4
OAF_neutral/OAF_mob_neutral.wav,say the word mob,4
YAF_fear/YAF_dab_fear.wav,say the word dab,2
OAF_Pleasant_surprise/OAF_raise_ps.wav,say the word raise,5
OAF_neutral/OAF_jug_neutral.wav,say the word jug,4
YAF_neutral/YAF_cheek_neutral.wav,say the word cheek,4
YAF_disgust/YAF_loaf_disgust.wav,say the word loaf,1
OAF_neutral/OAF_choice_neutral.wav,say the word choice,4
YAF_sad/YAF_sour_sad.wav,say the word sour,6
OAF_happy/OAF_phone_happy.wav,say the word phone,3
YAF_angry/YAF_king_angry.wav,say the word king,0
YAF_pleasant_surprised/YAF_week_ps.wav,say the word week,5
OAF_disgust/OAF_numb_disgust.wav,say the word numb,1
YAF_sad/YAF_kick_sad.wav,say the word kick,6
YAF_happy/YAF_chain_happy.wav,say the word chain,3
OAF_disgust/OAF_judge_disgust.wav,say the word judge,1
OAF_happy/OAF_mode_happy.wav,say the word mode,3
OAF_Fear/OAF_lease_fear.wav,say the word lease,2
YAF_happy/YAF_date_happy.wav,say the word date,3
YAF_happy/YAF_raise_happy.wav,say the word raise,3
YAF_pleasant_surprised/YAF_shout_ps.wav,say the word shout,5
OAF_Sad/OAF_peg_sad.wav,say the word peg,6
OAF_Pleasant_surprise/OAF_reach_ps.wav,say the word reach,5
OAF_Sad/OAF_puff_sad.wav,say the word puff,6
OAF_Pleasant_surprise/OAF_vine_ps.wav,say the word vine,5
OAF_Pleasant_surprise/OAF_kick_ps.wav,say the word kick,5
YAF_disgust/YAF_get_disgust.wav,say the word get,1
OAF_Pleasant_surprise/OAF_fit_ps.wav,say the word fit,5
YAF_happy/YAF_home_happy.wav,say the word home,3
YAF_angry/YAF_vine_angry.wav,say the word vine,0
OAF_Pleasant_surprise/OAF_boat_ps.wav,say the word boat,5
OAF_Sad/OAF_white_sad.wav,say the word white,6
OAF_angry/OAF_soap_angry.wav,say the word soap,0
YAF_disgust/YAF_ring_disgust.wav,say the word ring,1
OAF_Sad/OAF_gas_sad.wav,say the word gas,6
OAF_happy/OAF_luck_happy.wav,say the word luck,3
OAF_Pleasant_surprise/OAF_hate_ps.wav,say the word hate,5
OAF_Fear/OAF_bean_fear.wav,say the word bean,2
OAF_happy/OAF_long_happy.wav,say the word long,3
OAF_Pleasant_surprise/OAF_mouse_ps.wav,say the word mouse,5
OAF_angry/OAF_sheep_angry.wav,say the word sheep,0
OAF_Fear/OAF_lid_fear.wav,say the word lid,2
OAF_neutral/OAF_gaze_neutral.wav,say the word gaze,4
OAF_Fear/OAF_mouse_fear.wav,say the word mouse,2
YAF_angry/YAF_long_angry.wav,say the word long,0
YAF_sad/YAF_wire_sad.wav,say the word wire,6
YAF_angry/YAF_witch_angry.wav,say the word witch,0
YAF_disgust/YAF_yearn_disgust.wav,say the word yearn,1
OAF_Sad/OAF_door_sad.wav,say the word door,6
YAF_fear/YAF_dodge_fear.wav,say the word dodge,2
OAF_Pleasant_surprise/OAF_live_ps.wav,say the word live,5
OAF_neutral/OAF_five_neutral.wav,say the word five,4
YAF_fear/YAF_make_fear.wav,say the word make,2
OAF_happy/OAF_keen_happy.wav,say the word keen,3
OAF_disgust/OAF_hole_disgust.wav,say the word hole,1
YAF_sad/YAF_pick_sad.wav,say the word pick,6
YAF_sad/YAF_rain_sad.wav,say the word rain,6
YAF_fear/YAF_late_fear.wav,say the word late,2
YAF_neutral/YAF_dead_neutral.wav,say the word dead,4
YAF_disgust/YAF_fail_disgust.wav,say the word fail,1
OAF_neutral/OAF_match_neutral.wav,say the word match,4
OAF_Pleasant_surprise/OAF_loaf_ps.wav,say the word loaf,5
YAF_fear/YAF_pool_fear.wav,say the word pool,2
YAF_happy/YAF_third_happy.wav,say the word third,3
YAF_happy/YAF_nice_happy.wav,say the word nice,3
OAF_Pleasant_surprise/OAF_far_ps.wav,say the word far,5
OAF_neutral/OAF_lose_neutral.wav,say the word lose,4
OAF_angry/OAF_bought_angry.wav,say the word bought,0
YAF_happy/YAF_keen_happy.wav,say the word keen,3
OAF_angry/OAF_when_angry.wav,say the word when,0
OAF_Pleasant_surprise/OAF_late_ps.wav,say the word late,5
YAF_neutral/YAF_nag_neutral.wav,say the word nag,4
OAF_Sad/OAF_five_sad.wav,say the word five,6
OAF_Fear/OAF_kick_fear.wav,say the word kick,2
YAF_fear/YAF_vote_fear.wav,say the word vote,2
OAF_Pleasant_surprise/OAF_food_ps.wav,say the word food,5
YAF_angry/YAF_nice_angry.wav,say the word nice,0
OAF_Sad/OAF_rat_sad.wav,say the word rat,6
YAF_fear/YAF_pearl_fear.wav,say the word pearl,2
YAF_pleasant_surprised/YAF_chat_ps.wav,say the word chat,5
OAF_disgust/OAF_red_disgust.wav,say the word red,1
OAF_angry/OAF_pole_angry.wav,say the word pole,0
OAF_angry/OAF_came_angry.wav,say the word came,0
OAF_Fear/OAF_gap_fear.wav,say the word gap,2
YAF_disgust/YAF_judge_disgust.wav,say the word judge,1
OAF_angry/OAF_dime_angry.wav,say the word dime,0
YAF_pleasant_surprised/YAF_hush_ps.wav,say the word hush,5
OAF_disgust/OAF_week_disgust.wav,say the word week,1
OAF_neutral/OAF_tough_neutral.wav,say the word tough,4
YAF_sad/YAF_read_sad.wav,say the word read,6
YAF_neutral/YAF_rat_neutral.wav,say the word rat,4
OAF_Pleasant_surprise/OAF_lore_ps.wav,say the word lore,5
OAF_Fear/OAF_tire_fear.wav,say the word tire,2
YAF_disgust/YAF_gap_disgust.wav,say the word gap,1
OAF_angry/OAF_mess_angry.wav,say the word mess,0
YAF_neutral/YAF_size_neutral.wav,say the word size,4
YAF_neutral/YAF_thumb_neutral.wav,say the word thumb,4
YAF_sad/YAF_void_sad.wav,say the word void,6
OAF_happy/OAF_sub_happy.wav,say the word sub,3
YAF_fear/YAF_half_fear.wav,say the word half,2
YAF_pleasant_surprised/YAF_tire_ps.wav,say the word tire,5
YAF_disgust/YAF_gas_disgust.wav,say the word gas,1
YAF_disgust/YAF_rain_disgust.wav,say the word rain,1
YAF_disgust/YAF_dip_disgust.wav,say the word dip,1
YAF_sad/YAF_goose_sad.wav,say the word goose,6
OAF_Fear/OAF_judge_fear.wav,say the word judge,2
OAF_Sad/OAF_read_sad.wav,say the word read,6
YAF_disgust/YAF_learn_disgust.wav,say the word learn,1
YAF_pleasant_surprised/YAF_take_ps.wav,say the word take,5
YAF_pleasant_surprised/YAF_ditch_ps.wav,say the word ditch,5
YAF_sad/YAF_loaf_sad.wav,say the word loaf,6
OAF_disgust/OAF_cause_disgust.wav,say the word cause,1
YAF_pleasant_surprised/YAF_mouse_ps.wav,say the word mouse,5
YAF_disgust/YAF_hit_disgust.wav,say the word hit,1
YAF_fear/YAF_thought_fear.wav,say the word thought,2
OAF_happy/OAF_shawl_happy.wav,say the word shawl,3
YAF_sad/YAF_cause_sad.wav,say the word cause,6
YAF_angry/YAF_dodge_angry.wav,say the word dodge,0
OAF_Pleasant_surprise/OAF_numb_ps.wav,say the word numb,5
YAF_sad/YAF_nag_sad.wav,say the word nag,6
YAF_happy/YAF_seize_happy.wav,say the word seize,3
OAF_angry/OAF_pearl_angry.wav,say the word pearl,0
YAF_fear/YAF_learn_fear.wav,say the word learn,2
OAF_disgust/OAF_shawl_disgust.wav,say the word shawl,1
OAF_happy/OAF_moon_happy.wav,say the word moon,3
OAF_Sad/OAF_goose_sad.wav,say the word goose,6
YAF_fear/YAF_ring_fear.wav,say the word ring,2
OAF_angry/OAF_join_angry.wav,say the word join,0
YAF_fear/YAF_sheep_fear.wav,say the word sheep,2
YAF_pleasant_surprised/YAF_ring_ps.wav,say the word ring,5
OAF_Sad/OAF_turn_sad.wav,say the word turn,6
OAF_happy/OAF_keep_happy.wav,say the word keep,3
OAF_neutral/OAF_pain_neutral.wav,say the word pain,4
YAF_disgust/YAF_sure_disgust.wav,say the word sure,1
YAF_fear/YAF_bean_fear.wav,say the word bean,2
YAF_angry/YAF_fit_angry.wav,say the word fit,0
YAF_pleasant_surprised/YAF_sail_ps.wav,say the word sail,5
YAF_pleasant_surprised/YAF_hit_ps.wav,say the word hit,5
OAF_happy/OAF_goal_happy.wav,say the word goal,3
OAF_neutral/OAF_gun_neutral.wav,say the word gun,4
OAF_angry/OAF_kick_angry.wav,say the word kick,0
YAF_happy/YAF_sour_happy.wav,say the word sour,3
OAF_happy/OAF_lore_happy.wav,say the word lore,3
YAF_pleasant_surprised/YAF_pad_ps.wav,say the word pad,5
OAF_Sad/OAF_ton_sad.wav,say the word ton,6
YAF_sad/YAF_sure_sad.wav,say the word sure,6
YAF_happy/YAF_voice_happy.wav,say the word voice,3
YAF_happy/YAF_read_happy.wav,say the word read,3
YAF_happy/YAF_hush_happy.wav,say the word hush,3
OAF_Pleasant_surprise/OAF_calm_ps.wav,say the word calm,5
YAF_neutral/YAF_love_neutral.wav,say the word love,4
YAF_neutral/YAF_dab_neutral.wav,say the word dab,4
OAF_neutral/OAF_juice_neutral.wav,say the word juice,4
OAF_Fear/OAF_when_fear.wav,say the word when,2
YAF_neutral/YAF_shall_neutral.wav,say the word shall,4
YAF_neutral/YAF_raise_neutral.wav,say the word raise,4
OAF_angry/OAF_half_angry.wav,say the word half,0
OAF_angry/OAF_raise_angry.wav,say the word raise,0
YAF_fear/YAF_reach_fear.wav,say the word reach,2
YAF_sad/YAF_mob_sad.wav,say the word mob,6
YAF_neutral/YAF_reach_neutral.wav,say the word reach,4
YAF_angry/YAF_haze_angry.wav,say the word haze,0
OAF_neutral/OAF_talk_neutral.wav,say the word talk,4
YAF_pleasant_surprised/YAF_team_ps.wav,say the word team,5
OAF_neutral/OAF_chair_neutral.wav,say the word chair,4
OAF_happy/OAF_thought_happy.wav,say the word thought,3
YAF_fear/YAF_moon_fear.wav,say the word moon,2
OAF_neutral/OAF_haze_neutral.wav,say the word haze,4
YAF_angry/YAF_love_angry.wav,say the word love,0
YAF_fear/YAF_tool_fear.wav,say the word tool,2
YAF_happy/YAF_late_happy.wav,say the word late,3
OAF_Pleasant_surprise/OAF_wire_ps.wav,say the word wire,5
YAF_disgust/YAF_week_disgust.wav,say the word week,1
YAF_happy/YAF_king_happy.wav,say the word king,3
OAF_Sad/OAF_bean_sad.wav,say the word bean,6
OAF_neutral/OAF_fit_neutral.wav,say the word fit,4
OAF_Pleasant_surprise/OAF_mood_ps.wav,say the word mood,5
OAF_Pleasant_surprise/OAF_cool_ps.wav,say the word cool,5
YAF_sad/YAF_door_sad.wav,say the word door,6
YAF_fear/YAF_which_fear.wav,say the word which,2
YAF_pleasant_surprised/YAF_cause_ps.wav,say the word cause,5
YAF_disgust/YAF_thin_disgust.wav,say the word thin,1
OAF_happy/OAF_rain_happy.wav,say the word rain,3
OAF_angry/OAF_chief_angry.wav,say the word chief,0
YAF_pleasant_surprised/YAF_mob_ps.wav,say the word mob,5
YAF_pleasant_surprised/YAF_puff_ps.wav,say the word puff,5
YAF_angry/YAF_thumb_angry.wav,say the word thumb,0
YAF_angry/YAF_phone_angry.wav,say the word phone,0
OAF_Fear/OAF_cause_fear.wav,say the word cause,2
OAF_disgust/OAF_knock_disgust.wav,say the word knock,1
YAF_happy/YAF_pain_happy.wav,say the word pain,3
OAF_happy/OAF_walk_happy.wav,say the word walk,3
YAF_sad/YAF_fit_sad.wav,say the word fit,6
YAF_disgust/YAF_neat_disgust.wav,say the word neat,1
YAF_fear/YAF_turn_fear.wav,say the word turn,2
OAF_disgust/OAF_limb_disgust.wav,say the word limb,1
YAF_neutral/YAF_read_neutral.wav,say the word read,4
YAF_disgust/YAF_pad_disgust.wav,say the word pad,1
OAF_angry/OAF_cab_angry.wav,say the word cab,0
YAF_fear/YAF_bite_fear.wav,say the word bite,2
OAF_angry/OAF_sail_angry.wav,say the word sail,0
OAF_neutral/OAF_should_neutral.wav,say the word should,4
YAF_happy/YAF_came_happy.wav,say the word came,3
YAF_pleasant_surprised/YAF_when_ps.wav,say the word when,5
YAF_fear/YAF_said_fear.wav,say the word said,2
OAF_happy/OAF_choice_happy.wav,say the word choice,3
YAF_neutral/YAF_should_neutral.wav,say the word should,4
YAF_happy/YAF_pad_happy.wav,say the word pad,3
YAF_sad/YAF_mouse_sad.wav,say the word mouse,6
OAF_happy/OAF_join_happy.wav,say the word join,3
OAF_Pleasant_surprise/OAF_void_ps.wav,say the word void,5
YAF_sad/YAF_hate_sad.wav,say the word hate,6
YAF_disgust/YAF_hole_disgust.wav,say the word hole,1
OAF_Fear/OAF_lore_fear.wav,say the word lore,2
YAF_sad/YAF_sell_sad.wav,say the word sell,6
YAF_fear/YAF_take_fear.wav,say the word take,2
OAF_Pleasant_surprise/OAF_perch_ps.wav,say the word perch,5
YAF_sad/YAF_yearn_sad.wav,say the word yearn,6
OAF_Pleasant_surprise/OAF_south_ps.wav,say the word south,5
OAF_Fear/OAF_dodge_fear.wav,say the word dodge,2
YAF_pleasant_surprised/YAF_thin_ps.wav,say the word thin,5
YAF_happy/YAF_youth_happy.wav,say the word youth,3
OAF_happy/OAF_shall_happy.wav,say the word shall,3
OAF_disgust/OAF_pearl_disgust.wav,say the word pearl,1
YAF_sad/YAF_hole_sad.wav,say the word hole,6
YAF_fear/YAF_book_fear.wav,say the word book,2
YAF_pleasant_surprised/YAF_soap_ps.wav,say the word soap,5
OAF_Pleasant_surprise/OAF_search_ps.wav,say the word search,5
YAF_disgust/YAF_phone_disgust.wav,say the word phone,1
YAF_disgust/YAF_ripe_disgust.wav,say the word ripe,1
OAF_Sad/OAF_chat_sad.wav,say the word chat,6
OAF_neutral/OAF_good_neutral.wav,say the word good,4
YAF_disgust/YAF_kite_disgust.wav,say the word kite,1
YAF_disgust/YAF_reach_disgust.wav,say the word reach,1
YAF_disgust/YAF_gin_disgust.wav,say the word gin,1
OAF_disgust/OAF_sub_disgust.wav,say the word sub,1
YAF_pleasant_surprised/YAF_pick_ps.wav,say the word pick,5
YAF_angry/YAF_food_angry.wav,say the word food,0
OAF_happy/OAF_pass_happy.wav,say the word pass,3
YAF_sad/YAF_gap_sad.wav,say the word gap,6
YAF_neutral/YAF_peg_neutral.wav,say the word peg,4
OAF_Sad/OAF_road_sad.wav,say the word road,6
YAF_angry/YAF_name_angry.wav,say the word name,0
YAF_neutral/YAF_chain_neutral.wav,say the word chain,4
OAF_happy/OAF_chief_happy.wav,say the word chief,3
OAF_Pleasant_surprise/OAF_rush_ps.wav,say the word rush,5
YAF_disgust/YAF_tire_disgust.wav,say the word tire,1
OAF_angry/OAF_lease_angry.wav,say the word lease,0
YAF_pleasant_surprised/YAF_lease_ps.wav,say the word lease,5
YAF_sad/YAF_rose_sad.wav,say the word rose,6
YAF_sad/YAF_wife_sad.wav,say the word wife,6
OAF_disgust/OAF_wash_disgust.wav,say the word wash,1
OAF_Pleasant_surprise/OAF_bite_ps.wav,say the word bite,5
YAF_disgust/YAF_bath_disgust.wav,say the word bath,1
YAF_disgust/YAF_road_disgust.wav,say the word road,1
YAF_fear/YAF_choice_fear.wav,say the word choice,2
OAF_disgust/OAF_road_disgust.wav,say the word road,1
OAF_Sad/OAF_ripe_sad.wav,say the word ripe,6
OAF_disgust/OAF_soap_disgust.wav,say the word soap,1
OAF_Sad/OAF_numb_sad.wav,say the word numb,6
OAF_disgust/OAF_hall_disgust.wav,say the word hall,1
OAF_Fear/OAF_wheat_fear.wav,say the word wheat,2
OAF_Pleasant_surprise/OAF_pearl_ps.wav,say the word pearl,5
YAF_disgust/YAF_jar_disgust.wav,say the word jar,1
OAF_Sad/OAF_haze_sad.wav,say the word haze,6
YAF_pleasant_surprised/YAF_rough_ps.wav,say the word rough,5
YAF_happy/YAF_thought_happy.wav,say the word thought,3
OAF_Sad/OAF_search_sad.wav,say the word search,6
YAF_angry/YAF_pass_angry.wav,say the word pass,0
OAF_neutral/OAF_dab_neutral.wav,say the word dab,4
YAF_sad/YAF_tool_sad.wav,say the word tool,6
OAF_Fear/OAF_shall_fear.wav,say the word shall,2
YAF_neutral/YAF_mop_neutral.wav,say the word mop,4
OAF_Fear/OAF_bath_fear.wav,say the word bath,2
OAF_neutral/OAF_back_neutral.wav,say the word back,4
OAF_happy/OAF_wash_happy.wav,say the word wash,3
YAF_fear/YAF_fail_fear.wav,say the word fail,2
YAF_sad/YAF_came_sad.wav,say the word came,6
YAF_neutral/YAF_cool_neutral.wav,say the word cool,4
